gene,corr_v_hypoxia_residual
Pakap-1,0.341994872986524
Neat1,0.30872103430010617
Slc38a2,0.28696218925852157
Gm4316,0.28666389290209815
Slc2a1,0.28283134464811394
Chka,0.2820852737219942
Ier3,0.27740324100992414
Abl2,0.2746069422511312
Ppp1r15a,0.2735099369996029
Jun,0.26394489798949206
Rsbn1,0.2592087773686115
Traf1,0.2550299754815561
Taco1,0.25485816877834516
Clk1,0.25294547922412075
Ccn1,0.25038083343911277
Tra2a,0.24948100434538065
Plk2,0.2491947667964972
Ankrd11,0.24860626114558068
Nufip2,0.2479518887132322
Flnb,0.24676940893755636
Wsb1,0.243432139016315
Ep400,0.243098920444096
Dst,0.242791383133291
Gm47283,0.23994393901411254
Taf1d,0.2393195267574678
Gm49890,0.2384927923971172
Piezo1,0.23834239161524484
Errfi1,0.23828508039533988
Slc7a6os,0.23812552217878283
Arhgap10,0.23796245896169707
Gadd45g,0.23724566863686197
Jmjd1c,0.2371886189082327
Rere,0.236781768531248
Adamts1,0.23484324882887433
Ccnl1,0.23265496099104738
mt-Co1,0.2323658564251397
Hk2,0.2310074221432033
Brd2,0.23090275924063955
mt-Nd5,0.2306727749033138
Nktr,0.22950828771922702
Jund,0.2285729409611466
Spag9,0.22849157181977295
Vps37b,0.22845171032574257
Fnbp4,0.22646151748824378
Tiparp,0.2259387822009855
Tor1aip2,0.2259099297999645
Egr1,0.2245169231373511
Cxcl1,0.2237909901868128
Gpnmb,0.2235176951918045
Fosb,0.2226156963047667
Mapk8ip3,0.2218314726785796
Dpm1,0.22169438314185003
Ahnak,0.22151896914770106
Fnip1,0.22140278005603387
Gem,0.22112699689879536
Snhg7,0.22089305121926445
Arhgap22,0.2206881876720122
Nfkbiz,0.21969652884631918
Nfkb1,0.21893663781304593
Smg1,0.21827999041294752
mt-Co2,0.2164658150970036
Sox9,0.21626549456602304
ENSMUSG00000095041,0.21570064744818387
Pip5k1a,0.215561144347388
Btg1,0.21555072455526464
Eya1,0.21397042848199094
Hsph1,0.21392133252338766
mt-Co3,0.2122774196840427
Rbm39,0.21217899292946205
Taf15,0.2106758558481281
Sertad2,0.21055556824472393
Cdk12,0.20995484816428836
Ier5,0.2098868340809871
Ifrd1,0.2095894213598814
Clcn3,0.20934668004931556
Mbnl2,0.2092856194244855
Rnf213,0.20926189561332414
Lncpint,0.2092046702211367
Mapk6,0.20892075906594798
Arih1,0.20759326762730954
Ubr2,0.20723632116384363
Large1,0.2064494393217467
Gclc,0.20575241847471218
Tcim,0.2056915497024543
Nav2,0.2051680072240172
Dpep1,0.20463714864375626
Atf3,0.20416338990886765
mt-Nd2,0.2040103680027478
Lsg1,0.20326267567783282
Map1b,0.20283488671338168
Ctnnd1,0.20276175125902846
mt-Cytb,0.20251689753633037
Phactr4,0.20130548056852743
Malat1,0.20087958350593937
Ptprs,0.20058626939741311
Smg7,0.20028419041378898
Simc1,0.19958812294821998
Spcs1,-0.19930690644306925
Tiam2,0.19884312938758122
Klf6,0.19835303990317552
Ankrd17,0.19830725803913263
Btg2,0.19817238169961035
Luzp1,0.19778301834369713
Hes1,0.19770113908908882
Camk2d,0.1964167597856013
Slc25a37,0.19634922943883865
Pkp4,0.19548454626333325
Sparc,-0.19517935685849472
Rps9,-0.1951057886886394
Timp1,-0.19499850338365796
Gm20186,0.19463613543909475
Fosl1,0.1946204847043667
Usp36,0.19448017908334544
Topors,0.19430473421746994
Ash1l,0.1938528413326933
Rsrp1,0.19384158579040323
Junb,0.19345297014556065
Mat2a,0.1922391803065054
mt-Nd4,0.1909994335511404
Kdm5a,0.19056003666607574
Tpt1,-0.19024917872537775
mt-Nd4l,0.19019462646903748
Atp13a3,0.19002864289446122
Fos,0.18992494423877218
Zfand5,0.18979507296599968
Rps3a1,-0.18962164861702901
Sik3,0.18912559912096313
Runx2,0.1891139703900821
Atp5pb,-0.18900004885501503
Luc7l3,0.18894059648622966
Mbtd1,0.18892299623876216
Kdm3a,0.1887462929034953
Lhfpl2,0.18867605137415966
Sbno2,0.18810350261141015
Srek1,0.18784557079293987
Golgb1,0.18779520435506575
Rbm3,-0.18773568484391834
Eef1a1,-0.1877105706995559
Gm14636,0.1873244838075433
mt-Atp6,0.18729735369892572
Npepps,0.1868242129026198
Ccnl2,0.18651918390534758
Agap1,0.18594206348589182
Fam13b,0.18562573816032357
Smurf1,0.1854620970233484
Gphn,0.18529505007943106
Ogt,0.18455655690246658
Slc25a5,-0.18449288418634885
Gm41609,0.1842903525454567
mt-Atp8,0.18422789024162722
Pawr,0.18412013587742537
Rbm27,0.1840825216361321
Rab5a,0.18404107446132206
Nsd3,0.18397534122889905
Pcdh17,0.18381166448392605
Ndrg1,0.1836266859798549
Rapgef6,0.18340675000500506
Herc4,0.18336883858685035
Sqstm1,0.183233282958228
Asxl1,0.18303170209658687
Ppp1r10,0.18298780279192053
Gcn1,0.18236902543310754
Hspa1b,0.18180143262079052
Aff4,0.18135628162561626
Tns3,0.18123953644739824
Ppia,-0.18053039480381033
Cdk8,0.17990852323597026
Bdp1,0.17972492189257513
Prpf39,0.17886556233740056
Sppl3,0.1784964574205623
Chd2,0.17844410735609773
Pan3,0.1783880059492065
Lcor,0.17790773971230062
Rpl30,-0.1778490729766374
Rpl7,-0.17752547917108702
Otud7b,0.17750430865755673
Fnip2,0.17682266592252271
Etv6,0.1765768961718643
Polr2a,0.17630889625538526
Fth1,-0.1762777383476229
Kdm6b,0.17601544947190195
Kansl1,0.17573646416208788
Ahctf1,0.17527061037553004
Flnc,0.1751896895587594
Golga4,0.1751542416437125
Gadd45b,0.17485419420736223
Srrm2,0.17484943141235282
Stard13,0.17470853367024386
Uspl1,0.17457892281613316
Cd63,-0.17445539897626391
Rlim,0.17444749672860713
Dido1,0.1744220029248457
Glis3,0.17380869873623508
Pds5a,0.17360941936132154
mt-Nd1,0.17304288181462246
Hivep2,0.17304004131474107
Cenpe,0.17299722944577337
Lncenc1,0.1724424432732806
Mki67,0.172428786435854
Trrap,0.17239819775428772
Cspp1,0.17187714716507932
Ldlr,0.17158072657475362
Lars2,0.1709383945893973
Usp24,0.17026475425022683
Tcf20,0.17023989821840613
Prpf38b,0.17019065849467382
Hexim1,0.1698596473067718
Ndufb9,-0.1698489603869954
Huwe1,0.16984421321299562
Brd4,0.16982768150703698
Tulp4,0.1697693629239771
Ankrd28,0.16975839287109318
Rhob,0.1696590160131551
Ier2,0.16947636199131166
Zfc3h1,0.1693654005044815
Creb5,0.16929868818951774
Rps7,-0.16907260811150598
Runx1,0.1688350656975517
Cd44,0.16861480133318252
Rif1,0.16856305687138579
Zfp292,0.16800234755929375
Slc25a28,0.16797049405789843
Tut7,0.16791047158525363
Cdk4,-0.16782419958995157
Ankrd12,0.16770176661509884
Itm2b,-0.16763122838037428
Rpl5,-0.16758328500507025
Gsk3b,0.16743669103496764
Rsrc2,0.16675735309624262
Spaca6,0.16671656739425994
Ythdc1,0.16657028978648072
Btbd9,0.16627666907298863
Aars,0.16623281839168502
Khsrp,0.16618749694251017
Ndufb5,-0.16600335156452764
Wdr26,0.16559871513008714
Phlda1,0.16559431404699365
Twist2,0.1650341929524415
Pnisr,0.1648535656771318
Rev3l,0.164762564206367
Ppp1ca,-0.16448719941942808
Cdk11b,0.16437646162974764
Nfat5,0.16430350558598908
Ankrd1,0.16424981563371951
Kdm2a,0.1640134988729615
Rplp0,-0.1636317349739319
Qki,0.16358457128859175
Ewsr1,0.16345361110394202
Stx16,0.16340539497632056
Snd1,0.1633637410755086
Rpl10,-0.16306972161665054
Rab31,0.16305821767978576
Nup98,0.16291481892925183
Zc3h7a,0.1627753417109694
Ankhd1,0.16270857528835433
Bag3,0.16249070417171718
Gm49504,0.1624565136633532
Akr1a1,-0.16240598279885296
Apbb2,0.16234133555627642
Mid1,0.16233094728421316
Psmb5,-0.16229818667820617
Cyth3,0.1622650744108805
Stk24,0.16216546837205123
Safb2,0.16192419438043143
Pdlim5,0.16179775263352422
Slc1a5,0.1616936873892171
Kmt2a,0.1616821401617916
mt-Nd3,0.16153114602677715
Gm45589,0.1614568674953441
Ambra1,0.16132751953291385
Uqcrb,-0.16126356589425028
Dcn,-0.1611499757874617
Pdia6,-0.16108734172657008
Ttc14,0.16107492099796816
Birc6,0.1607455995558656
Ltbp1,0.16042257419025108
Ssr4,-0.16011078914313306
Pvt1,0.15997776332296143
Azin1,0.15989288774771235
Slc7a5,0.15963160393777126
Rps2,-0.15905159105140543
Cabin1,0.15873081331237998
Psme2,-0.15867374738189732
Atxn2,0.15839720116534656
Fam133b,0.15828490165046086
Prrc2a,0.1582153383558532
Prdx2,-0.15820479148047767
Rlf,0.15814076658905915
Nfkbia,0.1581286240936634
Xpo1,0.1577692000919102
Myl12a,-0.15774784068277878
Prdx1,-0.1576272793820961
Cbx7,0.15725207297661048
Plec,0.1571591635016733
Syne1,0.1571184740792526
Rc3h1,0.15690797150091002
Fndc3b,0.1569013168502702
Slc7a1,0.15680416801708139
Rbfox2,0.15679756670207262
Zfp148,0.15676655950125187
Ascc3,0.1567231537482042
Rpl9,-0.15658867344037272
Nmt2,0.15658266527184633
Nup153,0.15655814646528474
Paxbp1,0.15648117627938546
Dnajb4,0.15618531695327822
Rps10,-0.15612396688696664
Usp34,0.15608749079532705
Ndufa7,-0.15588168473309927
Fbxw11,0.155669073555547
Mast2,0.1556336723435637
Cdh18,0.1554549447315058
Pura,0.15544978635565182
Nrp2,0.15543440842026246
Usp32,0.1553851414651886
Atp5c1,-0.15530902075608793
Pum1,0.15527366823439429
Spcs2,-0.15513828341592634
Ubn2,0.15511052527824165
Cox5a,-0.1550368509305498
Lcorl,0.15501975501508838
Rps4x,-0.154897051539598
Cd81,-0.15483936939175505
Usp9x,0.15478487166279867
Zc3h18,0.1547202436567977
Cbx4,0.1546099197116682
Atp5o,-0.15440988444291648
Arhgef28,0.15428887427981788
Pank3,0.15404757718455545
Larp1,0.1539378894274022
Rps13,-0.15391607711205932
Rptor,0.15377342308203462
Rplp1,-0.15358671967827683
Swi5,-0.15353356711853192
Hs2st1,0.1532841862014416
Tent4b,0.15326681299867104
Btf3,-0.15301231865163142
Osbpl8,0.1526367673478788
Vdac3,-0.15258144184892072
Notch2,0.15252794798074562
Emp1,0.1524547119683153
Nr6a1,0.15243880753463424
Pfkp,0.15235228188972136
B230219D22Rik,0.1522902333191252
Marchf7,0.1521127238056717
Esyt2,0.15207716789025916
Ahcyl2,0.15206514569844903
Psmb1,-0.1520611451381325
Rpl15,-0.15205499637272868
Mx2,0.15197149359225454
Ndufc2,-0.15193876281207538
Tspo,-0.15163435436505002
Serpine1,0.15160284051555262
G3bp1,0.15155883030593162
Dusp1,0.15155505058587918
Ndufa4,-0.15137541556949094
Ubn1,0.15126780014267935
Mdn1,0.15123012849049947
Trpm7,0.15121850197783526
Rbm26,0.15100787818551492
Atp5g2,-0.15087716201270746
Sptan1,0.1507251833486934
Srsf11,0.1506281309624534
Rps8,-0.15052778628358038
Nlk,0.15040031008693475
Macf1,0.15037623484596438
Sh3rf1,0.15032451124243706
Sh3pxd2a,0.15022744193669804
Cox4i1,-0.15008647914573142
Actg1,-0.15002070021021094
Gapdh,-0.14984001532970803
Nopchap1,0.14979373562059115
Brd8,0.14970019773345164
Arid4b,0.14938808717044322
Larp4b,0.14927931790404447
Mast4,0.14919787336905035
Soat1,0.14910695161959658
Csnk2b,-0.14905116196930154
Ostc,-0.14895470201395491
Gm11033,0.14890325290970058
Pebp1,-0.14871778662368795
Prdx4,-0.14858703940487775
Ndufv2,-0.14851082383383624
Ndufa8,-0.14847773321941724
Eef1b2,-0.14834831981977903
Gse1,0.14798397819554682
Ndufb8,-0.14787448571755732
Bcap31,-0.14772935432538317
Gls,0.14768566210046363
Setd2,0.14748376167413838
Cox6c,-0.14741212421363326
Tut4,0.14733439391435876
Tanc1,0.14728412110871694
Tnrc18,0.14723041517326954
Kat6b,0.14722496492655138
Atrx,0.14715620578153274
Slc6a6,0.14706839793809906
Vmp1,0.14703190498808236
Rps15a,-0.14692545775016014
Rtraf,-0.14676207861944246
Tmem14c,-0.1467398559054137
Ints6,0.14663042019498132
Ubr5,0.14653701112114398
Ddit3,0.14630634016724223
Trio,0.14624128983579904
Filip1l,0.14604869117510944
Gstp1,-0.14600494470017514
Nlrc5,0.1457949313709731
Actb,-0.14564974245928838
Lonp1,0.14558320077868375
Zswim6,0.14542627444290618
Lrrfip1,0.145408536648041
Rack1,-0.14537610438363194
Psmb4,-0.14514918747380826
Oaz1,-0.145087918432684
Nop2,0.14507867888585424
Tbc1d4,0.14498904928310705
Rbbp6,0.14496425905805913
Nme1,-0.14482178779092394
Wdr83os,-0.14481021105463115
Eif3f,-0.14478557770168976
Brwd1,0.14476852838939974
Dmxl1,0.14469141785500633
Rpl3,-0.14462112901063798
Scaf8,0.14458221929206108
Cdh13,0.14439502881879454
Rassf1,0.14420143246639788
Nisch,0.14399530662637738
Rps3,-0.14390271671494914
Hsd17b10,-0.14389544407849017
Selenof,-0.14373105463104893
Pgam1,-0.14371036996900016
Snhg5,0.14355338614976573
Ndufb11,-0.14350283426058208
Zfp131,0.14348158435492434
Npm1,-0.14345084269412967
Irf1,0.14339637992790186
Agps,0.14335550531370028
Fundc2,-0.14318091869099656
Abcb1b,0.14296946172625866
Mfhas1,0.1427071444816318
Igfbp4,-0.1427056219865021
Rpl17,-0.14243970252413993
Psma6,-0.14241417196032002
Ddr2,0.14239740445616234
Ube2h,0.1423715132042164
Aebp2,0.14226263342762752
Nfe2l1,0.14211444701241085
Mycbp2,0.14201972159246753
Rpl36a,-0.14201049033872254
Lamc1,0.14182963216087796
Mysm1,0.14181581348746855
Slc25a3,-0.1410490445763589
Cplane1,0.14092367525498353
Med13,0.14091437021627679
Zfp609,0.14079500738035927
Aprt,-0.1407459451230458
Vim,-0.14062632687097246
Zfand3,0.14050031315055245
Zfp644,0.14046884814755412
Thada,0.1404544672797319
mt-Nd6,0.1403694579187388
Nupr1,0.14012602266387472
Ywhag,0.14012457665722325
Dlg1,0.14004540498002743
Myl6,-0.13997147223434075
Specc1,0.13990428373012714
Smarca4,0.1396520207791876
Dnajc13,0.1396253251320588
Mllt10,0.13942925204200088
Tra2b,0.1392581013505927
Cnot4,0.13918770925925167
Ralgapa2,0.13904527214871193
Myo5a,0.13903556487450575
Rfx7,0.13898794800728462
Rai1,0.13893483602991774
Spred2,0.13891244585428972
Bsg,-0.13883025835064908
Btaf1,0.13874432721670418
Mdh1,-0.1387163146265117
Sms,0.13868951135904567
Cep350,0.1386527515223544
Traf3,0.13863862630409868
Srgap2,0.1386250699224078
Cntrl,0.13860522899831498
Ifitm2,-0.1385654339282422
Faf1,0.1385632623845326
Ncoa6,0.13855004696063355
Rps6,-0.13812596007420724
Dtnb,0.137968586608827
B4galt5,0.13783681769736808
Prpf4b,0.13783185801938974
Psme1,-0.13762418074238078
Psma5,-0.1375341028808194
Spen,0.13746733096493685
Tasor2,0.13723651118543892
Atp5b,-0.1372080998239069
Wnk1,0.1370204206884163
6820431F20Rik,0.13698535224431677
Rapgef2,0.13695714203752293
Slmap,0.136914875300126
Meis2,0.13684419194964365
Slc23a2,0.1368168504933832
Grcc10,-0.1367246383080032
Syne2,0.13667182593530489
Ddost,-0.13643590543741657
Brk1,-0.13635527639226017
Ino80,0.13632802953940723
Sin3b,-0.13625851053662885
Atp2a2,0.1361844177164018
Ppm1l,0.1361500666763119
Ppib,-0.13613710611757604
Zfp64,0.13612199902930572
Efna5,0.13582571649963246
Il31ra,0.13581849359607223
Rps27a,-0.1356801622483281
Eif5a,-0.13561211764689815
Zfp451,0.1355510045611931
Senp5,0.1355327390892026
Tead1,0.13519271686366036
Prkca,0.13501195449443498
Cnot1,0.13465283790658117
Atp1a1,0.134521033887241
Actn4,0.1345013057837679
Nrf1,0.13438510818345625
Wac,0.13435859151655202
E2f3,0.13421160015279568
Lrig1,0.1341965732242882
Asxl2,0.13409951779886956
Samd4,0.1339977187580517
Wwc2,0.13388033892083917
Sf3b3,0.13351630381194746
Mafg,0.1334799073469153
Ubr3,0.13347096140948683
Ndufs2,-0.13345634613070934
Mrfap1,-0.1334049805039389
Kmt2e,0.13335661419669678
Pabpc4,0.13304655198407972
Camk1d,0.132897318284861
Ank2,0.13277881791631999
Atp5h,-0.13267341686531853
Rps24,-0.1325815047421062
Dpy30,-0.1321125792630156
Nfx1,0.13193839189639345
Sipa1l3,0.13184863228973467
Rpl7a,-0.1316477761395101
Ubr4,0.13161834793064034
Sat1,0.13159737274235928
Atp6v0e,-0.1315237386302508
Gon4l,0.13148652058241955
Matr3,0.13136356135835506
Uqcrc1,-0.1313625850829918
Rpl34,-0.13117293542417355
Topbp1,0.13112280458322
Cep250,0.13105095224380736
Cmip,0.1310024473859271
Plod2,0.1309026217119493
Myo10,0.13064611207138732
Plaur,0.13060719173958427
Aopep,0.13056283216997705
Pds5b,0.1304589496134164
Iws1,0.13030457940266313
Sec24b,0.13018657860019373
Ddhd2,0.1299484362099115
Srsf5,0.12991868675290766
Rpl12,-0.12987104091412635
Mad1l1,0.12969945849624942
Sf1,0.12933587894151094
Zcchc7,0.12921505254145715
Rhoc,-0.12915162616086803
ENSMUSG00000121513,0.1290907014398783
Kpna4,0.1290322455460644
Snrpd3,-0.12902984562440453
Rpl23,-0.12888815099308756
Slit2,0.1288425477363105
Kpna1,0.1288341659319872
Fkbp3,-0.1285948756295805
Cct5,-0.12844746759537304
3110082I17Rik,0.1283618580094005
Ly6a,-0.12830414149478694
Chd1,0.12827562077696042
Pibf1,0.12814883697470295
Gpc6,0.12809561586912022
Itpr2,0.1280632116979945
Psma4,-0.1280441458916094
Fto,0.12804234206406262
Aff1,0.12788534237526902
Slf2,0.12785697183530242
Aak1,0.1278510102404293
Rps26,-0.12776777286397184
Calm1,-0.12776333806750742
Pdia3,-0.12765924213253602
Psmb8,-0.12763143294120288
Gli3,0.12762979733998417
Ndufc1,-0.12757970525541068
Cdc73,0.12755219276781832
Rab22a,0.12753906901466303
Rpl8,-0.12745646058206941
Zfp407,0.12739945676734155
Cbfb,0.12731241811289273
Abi1,0.12727836726406638
Yy1,0.127264583524919
Pum2,0.1272622139199377
Rps14,-0.12726011542589255
Ogdh,0.12700757436219076
Mthfd1l,0.1269914636870849
Trim33,0.12693712875886426
Spata5,0.12682862383780816
Magi2,0.12674504875537526
Ubc,0.12670904701042662
Wasl,0.12668390185717657
Rps5,-0.12667086984984652
Rps21,-0.12665976802725817
Pcm1,0.12650940591199486
Nudt21,-0.12623619415630868
Arhgef12,0.12622242129601305
Rpl21,-0.1261106749959536
Arid1a,0.12607379830807436
Arglu1,0.1259654866677631
Gpatch8,0.12591794692383126
Oga,0.12590985128737184
Psma2,-0.12589469604526685
Morrbid,0.12577671634328896
Sfswap,0.12575933786763227
Mcl1,0.1257498741963094
Kirrel,0.12562618690264438
Tomm22,-0.12561462917716926
Akap9,0.12556235120205267
Ifitm3,-0.1254593662552164
Ssr2,-0.12541348302647903
Col6a1,-0.12540306452127664
Eif4e,0.12512304882818925
Pard3,0.12507082172423994
Klf7,0.12505514313208685
Arpc3,-0.12499464463517927
Rps25,-0.12493007231722358
Map4k4,0.12492826292403289
Cox7c,-0.12488390530968699
Rps16,-0.12485472178010484
Cyc1,-0.12484237197219576
Dnah12,0.12456287330882801
U2surp,0.12445400771353386
Rtn4,0.12443266081983226
Tmed10,-0.1242997561358683
Psma7,-0.12420517284905222
Phf20l1,0.12389237424597023
Stat2,0.12376066761606173
Raly,-0.12375564740780577
Prelid1,-0.12373643784746703
Serpinh1,-0.12371223463063993
Acaca,0.12359550296135496
Rpl24,-0.12359356901688157
Mdh2,-0.12349863112850164
Thoc2l,0.12345134913459677
Abcf1,0.12342102772227208
Rbpj,0.12317350851576345
Ddx46,0.12315265481423131
Cnih4,-0.12314913606264977
Erbin,0.1231418026957875
Dad1,-0.12312053643357762
Cers6,0.12299178850920388
Rsf1,0.12280377875363013
Myo9b,0.12276699604207936
Slc25a4,-0.12269783488287177
Wwc1,0.12267264410928887
Cep104,0.12244156914162657
Col3a1,-0.1224045388178276
Rpl32,-0.12223022340870124
Fmr1nb,-0.12216633845442976
Setd5,0.12213433659679794
Mtmr3,0.12206589271619801
Vps13b,0.12202508654539297
Aldoa,-0.1219165062823861
Itpr1,0.12186342922579627
Gapvd1,0.12181241053795895
Ndufb6,-0.12180684609751292
ENSMUSG00000121399,0.12180020590052784
Sumo2,-0.12177496027034697
Arf1,-0.1216963075153654
Rpl19,-0.12164077381366614
Acvr1,0.1215604578622289
Kat6a,0.12150235229108232
Nfib,0.12141444124441668
Ecpas,0.12126140698956278
Rrs1,0.121191796106453
Cst3,-0.12112465193179005
Bptf,0.12110986235352475
Naa38,-0.12110092176080146
Rrbp1,0.12093265668882879
Tmem256,-0.12091823830243109
Pnrc1,0.12090525600058628
Ppp1r12a,0.12085907849810928
Mrpl34,-0.12085903556063737
Btbd7,0.12085488344956509
Lncppara,0.12084031033499391
Chd9,0.1207910610432359
Baz2b,0.12078220556705802
Anp32a,-0.12076540653842169
Phf21a,0.12076540186042345
Smyd3,0.12072248489391176
Cnpy2,-0.12070663352552262
Fcho2,0.1206742685501039
Dennd4c,0.12067367322149773
Csf1,0.12065659536024301
Anapc11,-0.12062269259316279
Cenpf,0.1206141612273548
Arid2,0.12053561738736404
Herc1,0.12049315778574184
Ubl5,-0.12046782544866814
Fam193a,0.12042239659443948
Baiap2,0.12035428440567375
Zfhx3,0.1203183956388236
Zzz3,0.12024564188497414
Dync1h1,0.1201895216262309
Uimc1,0.12017603129864654
Adh5,-0.11978124892508973
Gnl3,0.11966908388454245
Srp14,-0.11964424376339426
Cox8a,-0.11954532326804718
Nckap1,0.11945283111586792
Hspa4,0.1194140458053373
Spats2,0.11929068935929825
Otud4,0.119238943229396
Tenm3,0.11918055129776413
Arf5,-0.11907534581291832
Cdk6,0.11898300464329636
Snx5,0.11895290358835306
Rabgap1,0.1188544064610386
Nfatc3,0.11884414437399293
Dnajb1,0.11883902593980648
R3hdm1,0.11881256623215783
Zfp36l1,0.1188103257265872
Arfgef1,0.11879320013347656
Rcor1,0.11868902555264471
Psmb3,-0.11864972752799406
Tcof1,0.11864753772557754
Srrt,0.11864496856673634
Ran,-0.11855597426039538
Csnk1g1,0.11852057944128508
Cstb,-0.11850017269546927
Cope,-0.11847517806623735
Exoc6b,0.11846693356454104
Peak1,0.11846459703816518
Zeb2,0.1184401498313122
Ano6,0.11840564142081013
Zbtb20,0.11837629941537657
Vps13a,0.11835268813396735
Igf1r,0.11828583925585565
Atp5md,-0.11823557552491093
Cntn3,0.11821281535198075
Atp5g3,-0.11821140171448856
Uck2,0.11818936127301861
Acp1,-0.11816554070134777
P4ha1,0.11814091872746942
Srcap,0.1181160703042315
Sri,-0.11809912215754131
Rai14,0.11808880144044485
Snhg12,0.1179971665534839
Rpl29,-0.11789583527683903
Tnpo3,0.11788954538181003
Sde2,0.1176843883150955
Zbtb38,0.11765907470593938
Vps29,-0.11759678507797751
N4bp1,0.11756068891947173
Zmiz1,0.11756040840087005
Tbcb,-0.11753544149129222
Ets1,0.1174851853522483
Strn3,0.11734480526381659
Atp2b1,0.11732772439672283
Hnrnpk,-0.11701632894228634
Usp10,0.116930145667454
Rps18,-0.11685760663908401
Cox6a1,-0.11678600441616907
Ndufa6,-0.11677947526111837
Zfp638,0.11673957772534299
Ppp4r2,0.11670239741160915
Uqcrfs1,-0.11664733864464474
Med1,0.11658329158889451
Kcnq5,0.11657749040538756
Rbm6,0.11646917091916094
Rps27,-0.11641218837225634
Kidins220,0.11640988029355318
Stag1,0.11636662611187061
Tasp1,0.1163387953011765
Chd6,0.11630581444778183
Ilrun,0.11629332744682583
Iqgap1,0.11627112145784706
Ctdspl2,0.11623268583707112
Rps12,-0.11623160854647216
Bltp1,0.11613785173404986
Fubp1,0.11601267539171857
Hint1,-0.1160093499397225
Rpl6,-0.11599087552098017
Srpk2,0.11592518089833835
Rnf10,0.1158624477229269
Ankib1,0.11584914986412025
Gm56906,0.1158382634553221
Ndufb2,-0.11580573541477412
Mir100hg,0.11574695735146999
Cdc42,-0.11573222780322125
Rps27l,-0.1156636938367347
Clic4,0.11552665858138461
Mrps16,-0.1154493074711667
Gatad2b,0.11533293396424192
Slc4a7,0.11529378736997524
Thoc2,0.11522162128033048
Tnpo1,0.11503311094226433
Klf2,0.1149421862929629
Pcgf5,0.11492839538219092
N4bp2l2,0.11486679948107535
Nipbl,0.11465751579901937
Apex1,-0.11460636117930642
Cuta,-0.11460087773642273
Arhgef2,0.11454036596973943
Slirp,-0.11445202795100683
Nrd1,0.11435711058863876
Mrpl20,-0.1143421968704584
Gigyf2,0.11426810508995479
Sptlc2,0.11412171614178467
Col6a2,-0.11401786903072142
Upf2,0.1139421598773865
Gabarap,-0.11383193287344281
Abracl,-0.11372966245379627
Swt1,0.11363793082370555
Gm55594,0.11363417774335727
Cox7a2,-0.11363139988911271
Prrc2b,0.11349589167147477
Pin1,-0.11347866044945963
Akr1b3,0.11342563012917997
Dip2c,0.11332221689980347
Srsf4,0.11316228400719629
Fus,0.11316078553393322
Mrps14,-0.1130412927868393
Tnrc6c,0.11302724670978048
Srrm1,0.1130113626096396
Abcc1,0.11279904301751663
Eps8,0.11271250793364293
Kcnq1ot1,0.11270081296353957
Son,0.11262941857020801
Cfl1,-0.11258101720240624
Chd3,0.11251305359043363
Zfp608,0.1125047674984304
Acin1,0.11247736060468885
Nsd2,0.11240926577660776
Farp1,0.11228459992399416
Gps2,0.11223180412499419
Kif16b,0.11218810756937098
Npm3,-0.11201886946399342
Ndufa12,-0.11200810732573896
Tacc1,0.11174554441993285
Ralgapa1,0.11174332691635051
Pcnt,0.11166877978578578
Ifi27,-0.11155180297935657
Epb41l2,0.11142319362855338
Sbno1,0.1113606466330363
Mllt3,0.11135446344246308
Snrpc,-0.11133817167880837
Ndufs5,-0.11114879325290226
Spop,0.11114307116023736
Afdn,0.11098206685097203
Ndufa3,-0.1108807242890016
Purb,0.11081748310182807
Wdr43,0.1108094179757409
Rorb,0.11079506592037902
Cmss1,0.11075888895292876
Trip12,0.11074235746899538
Atxn1,0.11072689779792497
Hnrnph1,0.11068831484965116
Ndufb10,-0.11062624230506757
Ciao2b,-0.11052926180324238
Epb41,0.11044921155574017
Atp6v1f,-0.11042610924945719
Ehmt1,0.1103829567355241
Tmcc1,0.1103346409512415
Pnn,0.1101996631568198
Ubxn1,-0.1101424167480781
Cbfa2t2,0.11003622019712259
Mprip,0.1100299514188472
Ube2m,-0.10997395229405424
Dennd2b,0.10994236149010432
Rad51b,0.1099258778002132
Cox7a2l,-0.10989951385930925
Copa,0.10989490047728324
Arhgap42,0.1098925094898355
Fbxo11,0.10974970602547582
Gm12610,0.10969856765743308
Trim44,0.10969227073490526
Map4,0.10956588272216367
Snhg1,0.10951421465668289
Rps20,-0.10947981246408761
Lgals1,-0.10945396630987027
Slc30a4,0.10935531917800986
Baz1b,0.10930870575306675
Ptbp2,0.10924162375502085
Diaph1,0.10922006718925638
Fgfr1,0.10919246430721001
Zfhx4,0.1091692144508251
Gsn,-0.10911285365905758
Mdm4,0.1090717751705753
Gm10076,-0.10899769711491707
Ldha,-0.10889079678652969
Lamtor2,-0.10884059293235734
Eif3g,-0.10881210442723528
Sltm,0.10874223488909111
Ubap2l,0.10867378517835642
Rabep1,0.10848628797542792
Atp5j,-0.10846203874148073
Dnajc5,0.10846121176865085
Erc1,0.1084116603994443
Eef1d,-0.10837903269998779
Prkce,0.10833320718015943
Pfn1,-0.10833300301976745
Ybx1,-0.10831961591145739
Atp5mpl,-0.10826861011065689
Tnks2,0.10817994975559454
Niban2,0.10795564864723343
Nedd8,-0.1077751530760241
Ergic3,-0.10771183960188152
Rasal2,0.10771020512300356
Fis1,-0.10769507423488638
Sfmbt2,0.10762665151005493
Cavin3,-0.10754651647182562
Ndufab1,-0.10751224935284373
Apc,0.10749966960704059
Strbp,0.1074277368664382
Ppp3ca,0.10740476061379915
Rnf111,0.10726485031453213
Trim25,0.10721945023442184
Pdcd11,0.10721493502097332
Txn2,-0.10720648940259646
Uvrag,0.10717461573457453
Prdx5,-0.10717009608280613
Pkn2,0.10704145378420331
Mrpl42,-0.10698978929189652
Rnf216,0.10684032512420838
Rpl35a,-0.10670030912944038
Rbms1,0.10669886619166823
Tagln2,-0.10668863602014905
Rbm5,0.10659499301372556
Lima1,0.10658447234727124
Nvl,0.10649144012430344
Dyrk1a,0.10642527280058402
Serpinb6a,-0.10624184016561664
Vdac2,-0.10620890581294068
Dennd1b,0.10616617172849947
Usp25,0.10614681762087924
Nasp,0.10607808787287165
Itgav,0.10602822693447893
Mif,-0.10597465494569669
Ipo7,0.1059649343396142
Ddx17,0.10595734917700336
Zmynd8,0.10589252321540585
Rps6kb1,0.10587882847420926
Naa15,0.10583719559412057
Atad2,0.10577794323632053
Rreb1,0.10575926799618562
H2az1,-0.10571042769809035
Lrpprc,0.10570282476719858
Col7a1,0.1056698142288545
Bclaf1,0.10558362794038996
S100a6,-0.10552278191704939
Crebbp,0.10522367681502691
Rpl37,-0.10512555980691252
Msi2,0.10502055165395555
Ago2,0.10501505271332229
Mapk1,0.10497526562020691
Psma1,-0.10489031441779154
Vps54,0.10482296431423621
Ubap2,0.10472374254983673
Nr2f2,0.1047201756260551
Wwox,0.10471262713853993
Atp5l,-0.10470318798251825
Rac1,-0.10470280723797791
Bbx,0.10467968885862258
Asph,0.10466695791148771
Rpl4,-0.10454891716303302
Pola1,0.10448665040076126
Hspg2,0.10447971903771885
Rbm25,0.10445034799178168
Tomm7,-0.10444225796568754
Rpl14,-0.10428194635035071
Psmb9,-0.10418292313795242
Etnk1,0.10406972541878429
Vps4b,0.1040582122112341
Ddx42,0.10403701690216101
Gnb2,-0.1038598313064505
Il1rl1,0.10383558427061401
Aurkaip1,-0.10375462521809588
Bclaf3,0.1037230458599652
Lhfp,0.10368708192194313
Impdh2,-0.10368066358059767
Srsf10,0.1036774565646242
Map3k2,0.10364046738486121
Myef2,0.10362865380038612
Ppp1cb,0.10347120666158803
D17H6S56E-5,0.103339765287699
Ranbp2,0.10331940553894324
Akt3,0.10324016028244119
Prr14l,0.10320929800472449
Nme2,-0.1030825923074883
Safb,0.10299099574431289
Mia2,0.10294615023281564
Syngr2,-0.10289994193020319
Nfkb2,0.10284117344410644
Snrpe,-0.10283446079267977
Tlk2,0.10282504228910003
Phip,0.10275911568963335
Ehd4,0.10266115079233405
Ywhae,-0.1026524266545876
Znrf3,0.10254517946843777
Zfp91,0.10254290454029887
Pomp,-0.10247613740136438
Ccz1,0.1024459719040286
Zc3hav1,0.10229513223882497
Tuba1b,-0.10214539304910542
Tet3,0.10205348598724155
Phf3,0.10196970018629806
Clip1,0.10194750925144139
Baz2a,0.10193877715253763
Smc5,0.10192378272101327
Dhx9,0.10187860095138195
Tecr,-0.1018729516242582
Pgls,-0.10170983169921773
Supt5,0.10162804290053802
Sec61g,-0.10149066664711022
Nf1,0.10146807965157399
Rpsa,-0.10134984389816347
Rpl13a,-0.1013440403167088
Gm16001,0.1013288389768722
Dnaaf9,0.10126512177000326
Tnrc6a,0.10123976351651712
Cox6b1,-0.10120653561412932
Ptk2,0.10120124364792497
Rap1gds1,0.10109921384059331
Usp37,0.1010470218722234
Eif3k,-0.10094393841820486
Naca,-0.10093609328725135
Lsm5,-0.10071569785014511
Banf1,-0.1006637295812654
Supt6,0.10063167257083244
Lamtor4,-0.1005795313933444
H2az2,-0.10056786775054259
Sh3bgrl3,-0.10046109820910477
Higd2a,-0.10044010446742335
Slfn8,0.10032408302095405
Eif3j1,0.10023757560703789
Nav3,0.10019330691854361
Arl15,0.1000918360002758
Slc25a39,-0.10005842751113486
Arf4,0.10005767986962326
Esd,-0.09997117972130602
Iars,0.09990665000884234
Eif3i,-0.09983478636460573
Akap8,0.09979704245967737
Rpl27,-0.099779425816402
Mtdh,0.0997664350343346
Cxcl10,0.09975054527898548
Papola,0.09970764578894704
Alkbh5,0.09961277568241789
Hsp90ab1,-0.09950376579032727
Baz1a,0.09947765145211528
Fam172a,0.09942998909940509
Micos10,-0.09936442443411929
S100a1,-0.09925689775497354
Sesn1,0.09924920670945865
Taf10,-0.09902840731207312
Cdv3,0.09868856594009072
Mrpl15,-0.09858290850105703
Utrn,0.09857058473026997
Tshz2,0.09853532436898856
Plp2,-0.09850277587512908
AU020206,0.09839523402625261
Lsm6,-0.09831782217017726
Hnrnpdl,0.09827465817779603
Tmbim6,-0.09816530821019301
Wbp11,0.09814834176206982
Ddx24,0.09814116718610535
Ywhaz,-0.09793452280563932
Litaf,0.09792270694040607
Tenm4,0.09787521709649558
Ncoa2,0.09777258151587818
Man1a2,0.09772853160013513
Sfpq,0.09767667011924173
Dynlrb1,-0.09751631767971074
Mrpl17,-0.09751189866217651
Ddx21,0.09750404775494464
Rexo2,-0.09744996264547
Arid5b,0.09739046574688871
Grpel1,-0.09738725048955818
Aatf,0.09735910597885385
Fmr1,0.09713453540461948
Rpl26,-0.09703674076285532
Tuba1a,-0.09695128833801898
Rabac1,-0.09694804845260432
Polr2c,-0.0969356799824026
Vcam1,0.09689337805864608
Cstf3,0.09678523971250227
Zc3h13,0.096780760165638
Gdi2,-0.0967467758422308
Nin,0.0967114019098201
Txndc17,-0.09669230320127986
Mrps33,-0.09657710370767854
Ywhaq,-0.09655559052253132
Sox4,0.09655264105603832
Cited2,0.0965401440200529
Mrps24,-0.09638539023329547
Fkbp1a,-0.09634594061599648
Gpbp1,0.09621290573602102
Bzw1,-0.09618303216320817
Chd4,0.09599457888529359
Rpl18,-0.09591455391972832
Taldo1,-0.09588329470149924
Arpc1b,-0.09586130924883357
Cebpz,0.09583992105126057
Frmd4a,0.0958252058120019
Ncor2,0.09576328941517948
Cox5b,-0.09572878801616225
Bax,-0.09556503911446738
Ost4,-0.09537501034828075
Itch,0.09536066828706624
Anxa5,-0.09527775664438964
Atp5d,-0.09524176613477497
Fmnl2,0.09519563597791106
Snhg3,0.09515420736694952
Snx9,0.0951461992543484
Nt5c,-0.09513332767961516
Rsrc1,0.09509115325486815
Nolc1,0.0949474525761257
Myo9a,0.09480531778352347
Ppp1r14b,-0.09475917668920852
Rpl35,-0.0947502422920445
Erh,-0.09472565860995347
Taf1,0.09466655193815389
Arhgap31,0.09456251033964663
Eif3m,-0.09449467708909857
Gm42047,0.09434859485404118
Immp2l,0.09432996833090346
Pgk1,-0.09427320864999714
Kcmf1,0.09425875024571034
Atf7ip,0.09423762620619801
Mcph1,0.0942187936133661
Tgfbr3,0.09418261124985397
Arid1b,0.09406867202015223
Atp5g1,-0.09403723530435223
Nsrp1,0.09399705826906223
Prkar1a,-0.09373814197463133
Cct7,-0.09363263434895581
Eif3e,-0.0935478052509237
Aebp1,0.09354185539953751
Tmem258,-0.09336032815496303
Lman1,-0.09333385846829886
Mlf2,-0.09333044176400411
Gnai2,-0.0932913462160081
Rock2,0.09326674922905684
Psmc5,-0.09323541746154208
Shisa5,-0.0932169724866655
Ccdc88a,0.09319109935318023
Ehbp1,0.09318839856665562
Osbpl9,0.09317635104226983
Ddx50,0.09315722321724587
Tardbp,0.09311428615022775
Pole,0.09310696284555098
Psmb10,-0.09294814548038968
Ndufa1,-0.09294628153243747
Ezr,0.09278987663854459
Trip11,0.09276596816200454
Mrpl57,-0.09265637714407138
Taok1,0.09264094701203049
Mt2,0.0926348371748535
Naa20,0.09258097019500655
Selenom,-0.09256840609382383
Lrch3,0.09244389253491261
Fbxl17,0.09243156066280678
Oasl1,0.09241657228044689
Cacybp,-0.09236411892905984
Larp4,0.09229054893400696
Fkbp2,-0.09222434751100839
Gm57414,0.09222100786835692
Vamp8,-0.09210416424647615
Rcc2,0.09206048092762319
Alyref,-0.09200371176742551
Rpl41,-0.09193735526207895
Itsn1,0.09181944277400561
Mrpl18,-0.09163742824793188
Psma3,-0.09161617830710089
Emp3,-0.09150250011597458
Smchd1,0.09143872394998424
Smg6,0.09143682583783382
Rpl23a,-0.09141906088217122
Gbf1,0.09140765728320639
Tmsb10,-0.09139480558482813
Diaph2,0.09114540503503339
Eml6,0.09099758967898833
Eif6,-0.09098128028070064
Eif1a,0.09095022051320166
Slk,0.09082638301425705
Zfas1,0.09081636139749559
Tsc22d1,0.09076369898215524
Pde4d,0.09073797684514309
Zfx,0.09073744175070425
Zfp207,0.09067537434649657
Etfb,-0.09061072699493507
Get4,-0.09047818344322622
Chchd2,-0.09044767104707885
Tomm6,-0.09038899807899337
Usp12,0.0903696668355139
Rps11,-0.09036823892491848
Rnasek,-0.09033972178801059
Micos13,-0.0902980562279995
Rps19,-0.09021230441652128
Cct2,-0.09016593522113278
Rpl22,-0.09010677401407084
Snrpb2,-0.09007925221900413
Psmb7,-0.09004751638990798
Ubtf,0.08998685027145499
Msmo1,0.0899312906684866
Phf20,0.08992618556341536
Myh9,0.08984847008891843
Tnks,0.08980758392114087
Hspd1,-0.0897655905796004
Lrba,0.0896456129190633
Mapk14,0.08961537498432041
Eif3h,-0.0895152037198998
Aimp1,-0.08948290295774153
Kitl,0.08945765513855107
Kdelr2,-0.08942184781859207
Tes,0.08926362902127469
Gm12216,0.08901220272101952
Hs6st1,0.08895195240469138
Rps17,-0.08883622101702635
Rps15,-0.08883288463765919
Kif1b,0.08880029582292741
Myc,0.08876684550995173
Git2,0.08876391577125624
Fer,0.08872236748594269
Srsf9,-0.08853233357690135
Paics,-0.0884719634942549
Ap1g1,0.08844657296652908
Myof,0.08839521055414779
Pafah1b1,0.08836587156497673
Tcp1,-0.08831754096231932
Atad3a,0.08826703238556237
H3f3a,-0.0882580555194082
Memo1,0.08823505307024952
Nop56,0.08809373588813146
Pnpt1,0.08808536629231006
Clic1,-0.08799666229052332
Cdk14,0.08792020127902694
Ccdc59,0.0878808957340725
Pbx3,0.08779638291842858
Atp5j2,-0.08778112824387217
Wwtr1,0.08768628832844516
Tpm2,-0.087664844689269
Dap3,-0.08764542414268524
Galk1,-0.08750285673073092
Rhox5,-0.08745807964905751
Ap3b1,0.0874373620197676
Gatad2a,0.08742177147310436
Sod2,-0.08739655343644931
Rpl27a,-0.08734510411730509
Mmp11,-0.0873181137835944
Babam2,0.08724798298659758
C1qbp,-0.08722756067587617
Vars,0.08702796747035015
Phlpp1,0.08691330569130305
Ddx3x,0.08689121612000393
Noc2l,0.08679327287112926
Thrap3,0.08677216000223878
Eif2s2,-0.08671049832870395
Lrrc58,0.08669848156875103
Ywhab,-0.08668658593764864
Txnl1,-0.08668068365449956
Eif4g3,0.08665492216801063
Tpp2,0.08647692043905324
Jak1,0.08638356599288087
Atf4,0.08637660205549422
Srpk1,0.08627201767517811
Tnfaip6,0.08626457874695886
Ctps,0.08624753920602288
Tmem164,0.08623745726502853
Septin7,-0.08604405116683221
Ppp1cc,-0.08600636742412263
Rnf11,0.08596449306971982
Psmd8,-0.08594073435608078
Nptn,0.08588975109777944
Dpysl3,-0.0858629899502585
Ralgapb,0.08575213653842016
Igfbp6,-0.0855680198001705
Pfdn2,0.08553931554372439
Pfdn5,-0.08552259306655144
Irs1,0.08552150484188019
Knop1,0.08551488054494458
Adamtsl5,0.0854828649995552
Tbc1d5,0.08548083426466424
Lrrfip2,0.08534976329577697
Rps6ka3,0.08527069160043757
Psmb6,-0.08521992593290215
Cox14,-0.085211317242427
Stmp1,-0.08515818368848192
Luc7l2,0.08513641753725489
Rpl39,-0.08513336611900282
Dennd1a,0.08498689762959834
Cox7b,-0.0849462011932428
Rnf187,-0.08490092349308025
Etf1,0.08460258121749252
Acap2,0.08450283556326689
Sgk1,0.08449098074697572
Nop10,-0.08449043612351352
Use1,-0.08443145602510985
Atp6v0c,-0.08423740376977894
Foxp1,0.08423117046467088
Rwdd1,-0.08408031476838804
Eml4,0.08404590438513233
Wdr33,0.0839518927348402
Rnh1,-0.08387650311783501
Pign,0.08361664297940107
Chchd3,0.0835996263758044
Ppp2r2a,0.083528471358573
Gtf2f1,0.08349288543493427
Timp2,-0.08347890128301613
Ifitm1,-0.08336127774527305
Selenow,-0.0833219771202396
Utp4,0.08329383632627083
Ndufa11,-0.08322905738343052
Ccl7,-0.08312294723202729
Adnp,0.0830948811914003
Rab5if,-0.08306798789961634
Snx25,0.08306763208475139
Scoc,-0.08306675492155446
Creg1,-0.08304069656756256
Rps23,-0.08296117144487264
Tm4sf1,-0.08290708786368807
Smdt1,-0.08289692804376525
Gnaq,0.08287491986764646
Cep83,0.08281034005430996
Glrx3,-0.08275801252663802
Cdc42bpa,0.08268569504832607
Hexb,0.0826231730606819
Mydgf,-0.0825519299437326
Ppp1r2,0.08248704154812764
Cop1,0.08241926272970648
Hmgcr,0.0823595129931297
Prmt1,-0.08221742930121996
Maml3,0.08213870792523598
Asap1,0.08212981417632147
Dpm3,-0.0821267960134928
Rpl18a,-0.08210337802601196
Dffb,0.08196734010612375
Uba52,-0.08192058337263212
Gm15398,0.08189830952874763
Hmga2,0.08184854301331641
S100a10,-0.08178383750759098
Foxn3,0.08177000946606806
Zfp326,0.08173827018225147
Ccnd2,0.08172810727965946
Gpx1,-0.08159497000667845
Nrip1,0.08146050024049362
Emg1,-0.08144949872374983
Nedd9,0.08137420244243457
Senp6,0.08132191291235419
Rrp1b,0.08129676876825775
Nmi,-0.08118606201523762
Cit,0.08113084555235396
Tex13b,0.08111929818933745
Brd3,0.08109829207354831
Eri3,0.08107381395105517
Sdad1,0.0809477846059393
Dcp2,0.08090899348537806
Pbx1,0.08088058274872237
Cep290,0.08069197573342561
Fdps,-0.08057534035537281
Adgrl2,0.08051576432918028
Tfrc,0.08038854228741106
Ddx18,0.08038687516906405
Rest,0.0803740112221477
Eif4g1,0.08032030664926537
Capzb,-0.08031169307138021
Il34,0.07999368811475595
Ppfia1,0.07984372734203173
Cald1,0.07982435176113273
Hpf1,-0.07974870654548408
Tasor,0.07973029667600112
Lgals3bp,-0.07972756425786551
Fndc3a,0.0797096760620185
Tpm1,0.07961779041690596
Naf1,0.07950452923356989
Acbd3,0.07892879914129333
Ptges3,-0.07891611203665619
Rabgap1l,0.07883855587666139
Uqcrh,-0.07882924164210516
Immt,-0.0787732455112749
Kif2a,0.07874965425925647
Xrn1,0.07868165907222956
Tmed9,-0.07846621303132982
Rhoa,-0.07844893968269787
Pno1,-0.07835919603857973
Ptma,-0.07818962957007068
Cdkn1a,0.07815246820310924
Ndufa13,-0.07810339316311239
Ncor1,0.07792655814552867
Dbf4,0.07790374026470653
Zcrb1,-0.07789774317272563
Rbbp8,0.07789296168467488
Ptprk,0.07788754510448492
H2-D1,-0.07781284062206575
Snu13,-0.07761754402102362
Dap,-0.07759844661307319
Mrpl52,-0.07749752364891221
Sem1,-0.07742655483572511
Gnl2,0.07739990327102797
Tcf3,0.07738008315067275
Tshz3,0.07729297103233672
Hsbp1,-0.07729195544275419
Fam120a,0.07696459604235517
Washc2,0.07692010453004798
Tcf4,0.07685269276576634
Romo1,-0.07683601452701934
Lman2,-0.07682801925441828
Sec24d,0.07680871802668522
Sec61b,-0.07675634010414827
Fau,-0.0767511478260208
Rpl10a,-0.07674327225861946
Tcf12,0.07671926789875425
Sub1,-0.07664781488003708
Mrpl51,-0.07659117838909732
Tomm5,-0.07657550964885693
Desi2,0.07654762053401015
Hectd1,0.0764435613281632
Ola1,-0.0764336502364025
Elf1,0.07638057061971969
Naa50,0.07637901319763703
Rps28,-0.07637108098382071
Kcnn4,0.07624212226657669
Esf1,0.07622550432392669
Prrc2c,0.07619038540283411
Nudcd2,-0.0760554727555039
Eef1g,-0.07605335651866095
Eif2ak2,0.07600905203604365
Rplp2,-0.07598287805108593
Scaf11,0.07596481843627269
Zfp36l2,0.0759483637943223
Bms1,0.07590309663080218
Tor1aip1,0.075834355317245
Golim4,0.07575887996032375
Manf,-0.07568318381120687
Ggnbp2,0.07546740139388716
Tgs1,0.07545904194638088
Atp6v0b,0.07543864206218676
Colgalt1,-0.07539308978849188
Sbf2,0.07538845303865611
Wapl,0.0753520125753061
Celf1,0.07527649356076067
Mkln1,0.0752178639232559
Cebpb,0.07521171252230469
Camkmt,0.07503660533251927
Fabp5,-0.07501096602163695
Ap3d1,0.07476879123954155
Lnpep,0.07474537582950311
Tax1bp1,-0.07459614203313082
Ifi204,0.07454374994514382
Ubxn4,0.07448704495490868
Clint1,0.07437930202905298
Bex3,-0.07433736767917046
Lrrk1,0.07429950823016707
Myl12b,-0.07427337749802326
Cab39,0.07417956703387213
Actr2,0.07410891329923679
Nap1l1,-0.07409249940909376
Psmc4,-0.07400661760624802
Sh3glb1,-0.07382678189794868
Psme4,0.07378518775202778
Etfa,-0.07375762245956959
Cask,0.07370913057525845
Atp6v1g1,-0.07367572958065136
Slc10a7,0.0736148290914926
Phb2,-0.07353578595644548
Cast,0.07350059481085545
Smad4,0.0734974508779858
Incenp,0.07349154202558454
Cycs,-0.07344146172905455
Airn,0.07341474984643681
Atm,0.07337141200177573
Ext1,0.07336789101845438
Ero1a,0.0732976115911766
Cct6a,-0.07320526152302301
Tuba1c,0.07319677955294505
Dhx15,0.07318711217363486
Trib3,0.07293731104899591
Pitpna,0.07292352784400787
Hnrnpab,-0.07287541457418024
Dnm2,0.07279594970844801
H2aj,0.07276365320272837
Cisd3,-0.07269349647044594
Ifit3,-0.0724677778977101
Gtf3a,-0.07223209021982399
Hook3,0.07223154859925385
Egln1,0.0721915129111214
Tnfrsf12a,0.07215360174310241
Rbbp4,0.07207796656608481
S100a4,-0.07197729379347372
Plaa,0.0718915757610207
Rbx1,-0.07188483753003158
Tma7,-0.0718599554192821
H13,0.07181807979151184
Zranb2,0.07174720787482407
Pacsin2,0.0716228705774306
Ghitm,-0.07158769414063815
Lpp,0.07155515029368104
Clasp1,0.07146593703068957
Dbi,-0.07144695807317336
Capza2,-0.07142901197979264
Glrx5,-0.07142736083804811
Atxn7l3b,0.07141863259192893
Anp32b,-0.07141543009597136
Trerf1,0.07141108842078438
Dnajc1,0.07139889640032239
Rdx,-0.07132838713803936
Mbnl1,0.07123479485965153
Mark3,0.0711991129870815
Rabggtb,0.07118491624084006
Aarsd1,-0.07117539478590412
Sptbn1,0.0711250750272678
Nop58,0.07104561597519275
Chchd1,-0.07098356893808173
Rad23b,0.07097409273637008
Ap1s1,-0.07091236462728942
Zbp1,-0.07081664876928062
Gm45866,0.07065452470796978
Cul3,0.07062087244632312
Zfr,0.07047222755748268
Inpp4b,0.07034578817418381
Eif2s1,-0.07034095649671446
Magoh,-0.07031134920028793
Ranbp1,-0.07030570655630342
Lmo4,0.07025466984270295
Ube2e2,0.07007266670678441
Nop14,0.07003736364073693
Marcks,-0.0698704632304085
Gmds,0.06986374926284103
Ddx60,0.06981959478759474
Ndufa10,-0.06978569162584877
Gemin5,0.06978402521222614
Gabarapl2,-0.06977555610047574
Tbca,-0.06977391313843447
Mtarc2,-0.06969716805544858
Anln,0.06966121225236174
Slc9b1,0.06955588170284423
Gpi1,0.06952154683716079
Rpn2,-0.06943318087847422
Spp1,-0.06934097598054766
Prpf6,0.06928143642234162
Glg1,0.06927539135688045
Paip2,0.06926781217963351
Ppfibp1,0.0692510519821241
Capns1,-0.06920821146746567
Siva1,-0.06918452800758962
Bmpr2,0.06903648337411711
Tbl1x,0.06876923597395401
Mrps36,-0.06867523340503015
Rab7,0.06865168633769006
Pcolce,-0.06863499288079722
Sh3pxd2b,0.0685046474395548
Nxn,0.06847617728790557
Ddrgk1,-0.06844265264311643
Plac8,-0.06842875599630975
Sema3a,0.06834552652441492
Cltc,0.06825130538168739
Svil,0.06824005750622888
Krit1,0.06820944113854979
Set,-0.06810263420027408
Rtf1,0.0679996503373566
Nemf,0.06796550963401679
Wipf1,0.06789584488818949
Cct8,-0.06778205769227187
H3f3b,-0.06776121953738158
Rsad2,0.0677560620163073
Prelid3b,-0.06775451539920194
Mia3,0.0677527426245737
Cks2,0.06772639289057641
Ktn1,0.0676766000309015
Mrps17,-0.06764201936161232
Nhp2,-0.06760392686068606
Hjurp,0.06751311043525175
Sec62,-0.06735960580089073
Sntb2,0.06731579371091538
Lsm12,-0.06729997718951752
Daxx,0.06725592378946892
Irf2,0.06721412107362931
Parp14,0.06717558721026563
Tnrc6b,0.06713742642568031
Edf1,-0.06713601492379918
9930111J21Rik2,0.06707896455794507
Ppp2ca,0.06707369135594457
Psmd2,-0.06704436688927894
Adss,0.067038891236991
Commd1,-0.06695819388292487
Tbrg1,-0.06685970105051094
Tcf25,0.06684767400495906
Snrnp70,0.06683020659686598
Cnot6,0.06677487019847453
Actn1,0.06673360461847704
Snx6,-0.06670563328981162
Btg3,0.06668587947469026
Prc1,0.06657425832348786
Eif1ax,-0.06655599994109934
Atg4a,0.06649569592108304
Nudcd3,0.06635721052856587
Cyfip1,-0.06629525915875129
Gng5,-0.06617585591552622
Diaph3,0.06597135566302326
Calm3,-0.06585184483646304
Mt1,0.06581262945107068
Rpl13,-0.06568821536121129
Slc25a13,0.06560652151867193
Ndufv3,-0.06553622865401547
Txn1,-0.06551317187806624
Ptpn11,0.0653351089350825
Lmna,0.06527055787697307
Rpl11,-0.06520248637475486
Park7,-0.06517786581977529
Tomm20,-0.06499634545343455
Arhgap5,0.06494729702927575
Tlk1,0.06490200637311443
Lamp1,-0.06472651877426275
Znhit6,0.06472498569020721
Eif1,-0.06455737828894255
Grn,-0.06451350884248003
Nsmce2,0.06446184238186253
Samd9l,0.06443953707118652
Vav3,0.06412431590144926
Ap2b1,0.06406693252770665
Herc6,0.06391342086600868
Upf3b,0.06373278295013618
Tmem208,-0.06372651335179032
Csnk1a1,0.06372440614604
Elovl6,0.06365028912912649
B3galt1,0.06336607373198944
Skp1,-0.06335353343015147
Tmem167,-0.06330552852812668
Ap2s1,-0.0630247139344582
Snrpa1,-0.06294540404505417
Cct4,-0.06283038860689133
Dtymk,-0.06281459518775562
Hspe1,-0.06269362394609226
Tle5,-0.06262407606071538
Gmps,-0.06249486501094059
Ddx39a,-0.062453641593444645
Arpc5,-0.06243991604331435
Dctpp1,-0.062368951937887225
Eif3d,-0.06234392461613234
Ube2l3,-0.06220391945190542
Col5a1,0.06219683476815108
Pam,0.062189993146163726
Serbp1,-0.062158473374907625
Ptp4a2,0.06214567002659895
Uqcr11,-0.06214038387403486
Eloc,-0.06203731867102125
Acadl,-0.061943243700284804
Snrpg,-0.061934769920186546
Slbp,0.06192043936446835
Fcer1g,-0.06189174498726575
Hsp90b1,-0.06179792261712208
Tm9sf4,0.061679472620516984
Lims1,0.061304241642115405
Hba-a1,-0.0612467060836431
Hbb-bs,-0.061236051949896446
Utp18,0.061073714579011666
Ppp4r3b,0.060872616654464355
Phgdh,-0.06081722580386563
Axl,0.06079809100947949
Ndufa5,-0.060793486062415074
Ralbp1,0.06077875932417353
Reep5,-0.060774138958946684
Sinhcaf,0.060648538799965984
Trmt112,-0.06060614405488358
Denr,-0.06048577725868076
Elob,-0.060465466407671524
Rbbp7,-0.06046074226237166
Fxyd5,-0.06035900549271231
Mbd2,0.06035871513095898
Ddx41,0.06032201241487277
Brca2,0.06028089021112707
Oas2,0.06017950408738315
Dtx3l,0.060173845952942145
Ipo5,0.06007614906113125
Dock1,0.0600080171431873
Pclaf,-0.06000782312824757
Sh3d19,0.059962489049955076
Sf3b6,-0.05986373661544221
Suz12,0.05975614402641851
C1qb,-0.05965992146349313
Mlec,-0.05958017468359074
Tars,-0.059527580800807
Rcn1,-0.05947239857805984
Faf2,0.05946018122827803
Fnbp1l,0.05939417969452958
Srsf7,0.05938558296667029
Ddit4,0.05929214471077063
Pitpnb,0.05925400327372361
Zc3h15,0.05924922525381159
Hnrnpm,0.059209981904576825
Polr2e,-0.059175039950761434
Serf2,-0.05902151258818151
Rock1,0.05899573370477919
Emb,-0.058928193769970265
Atad5,0.05888590490429538
Rpl37a,-0.058882739095060435
Tsn,-0.058872825609690815
Cwc27,0.058829913886366186
Atic,-0.058811481145919595
Laptm4a,-0.05869516593072592
Cul4a,0.058685760990742866
Bod1l,0.05866571606079826
Rps29,-0.05853209311521084
Mecom,0.05852898523983799
Emc6,-0.058444571022214495
Cd47,-0.058426140288932046
Sdccag8,0.05841358890337714
Mtpn,-0.05841176139599019
Nfic,0.05838251115664864
Tnks1bp1,0.058373697357152234
Rpn1,-0.058354196014572327
Sdc4,0.058169588123891704
Gtf2i,0.05812404449659586
Pdia4,-0.05810527122299982
Hspa8,-0.05806152093300735
Hspa5,0.05797078868409452
Ccdc58,0.05785246542257958
Ndufs4,-0.0577537910020094
Htatsf1,-0.05773257091207294
Nsa2,-0.05755427121062106
Bst2,-0.05754147025501467
S100a11,-0.05747304496740942
S100a13,-0.0574554172382762
Cux1,0.057417819189582435
Nars,0.05728943647492642
Thoc7,-0.05728343113761609
Chst11,0.05692654973117094
Lsm2,-0.056915755145758945
Fxr1,0.056907191988105794
Snrpb,-0.05689338748741
Prl2c2,0.05687455133319069
Cdt1,0.05685962843200985
Dhx36,0.05683934866525909
Prdm5,0.05673527289880391
Mbd5,0.056551904178152
Selenos,-0.05649712809569951
Bag1,-0.05646537925591379
Ndufb1,-0.05644037028609907
Cdc42bpb,0.05639568918320787
Srsf2,0.05639226655176425
Ctsz,-0.05638379185517889
Mphosph8,0.056273780611338635
Sf3b5,-0.05621171307085627
Mnat1,0.056210932421904
Rpl22l1,-0.05619698119394725
Hba-a2,-0.05611707164575122
Kif5b,0.05600206288910094
Clta,-0.05597025989754104
Smn1,-0.05587797719762902
Tubb5,-0.055782678191266075
Ptpra,0.055749006359915816
Gng12,0.05569549085536536
Man2a1,0.055670949172635716
Ndufs7,-0.0555585984543723
Selenoh,-0.055529341081636825
Mybbp1a,0.05552693764131278
Tmsb4x,-0.055519450052098705
Gcsh,-0.05546914730920777
Eif4b,0.05544893926530317
Deptor,0.0554156593844358
Cdk1,-0.05539748233449293
Ms4a6c,-0.055271974848842366
Riok3,0.05521287411989401
Rbms2,0.055148696026592725
Csde1,0.055114507337859595
Sh3kbp1,0.05511276429602472
Herc2,0.05502874393646071
Fbl,-0.054891823261309564
Eif3a,0.05479129722131932
Hnrnpu,0.054788374386154706
Vegfb,-0.05475805610620791
Plcb4,0.054676778769894394
Hells,0.0544864939655078
Lactb2,0.054470874637134285
Sec63,0.054416798468763516
Nek7,0.05434367592456209
Prpf40a,0.054305794486227695
Kmt5a,0.054303502389684545
1810037I17Rik,-0.054157898322811225
Psph,-0.053986290384342515
Uqcc2,-0.05395870891704899
B2m,-0.05391588782064023
Csnk2a1,0.05390288800519972
Rbis,-0.05385288107158006
Eno1,-0.05383754345742586
Septin9,0.05382898296554695
Cks1b,-0.05371309074880772
AI506816,-0.05352724854720274
Lgals9,-0.05350074022030128
Rars,0.05334635809004648
Bltp2,0.05327524275589017
Hmgb1,-0.05320372820208318
Mmp14,-0.05315035838469402
Cpne1,0.05310116251617545
Rabl6,0.05278695169415202
Ilf2,0.052749425458895625
Casp4,0.05264511889799535
Gnb1,0.05258077944477148
Mybl2,0.052318933661471535
Psmb2,-0.052231883981514585
Ptbp3,0.052215238897953944
Aldh2,-0.052185219235585674
Hnrnpl,0.05199958143519888
Grb2,0.05197292228903362
Anxa1,0.05195947927637355
Ftl1,-0.05189283005272096
Tmf1,0.05185331566934606
Cep170,0.05178358307718256
Rpl7l1,-0.05159642284633899
Sdhb,-0.05157507618613582
Brd1,0.0515547560487039
Clspn,0.05155464497601974
Oasl2,0.05147531259727092
Exosc1,0.05146437282655494
Calm2,0.051463163458173894
Uchl3,-0.05143382737671758
Col5a3,0.05112289282673886
Hp1bp3,0.05106358679462252
Galnt7,0.051051363441480126
Rnaseh2c,-0.0510147937729878
Rab34,-0.05099135164849871
Gna13,0.05099122645560694
Whrn,0.05090414075476839
Rpl28,-0.0508048581251391
Gcc2,0.050784874065118
Scaper,0.0506765313624626
Bcas3,0.050623131042707985
Krtcap2,-0.05059400597736946
Casp8ap2,0.05057985183927759
Hmgcs1,0.05057329132835553
Pfdn1,-0.05055944553479884
Nfia,0.0505060511115825
Ddb1,0.050442610061017044
Snhg8,0.05027950350726799
Phf5a,-0.05020414824271682
Stat3,0.050159905773308665
Znfx1,0.05015202630222056
Chmp2a,-0.0500263520939739
Tpx2,0.049899679425752436
Ube2n,-0.04987681392726594
Hmox1,0.0498525555091272
Gm19951,0.04984061395436133
Wdfy3,0.04977427433564172
Hnrnpul2,0.049479407493557816
Akap13,0.049417107073267894
Mdfic,0.04932174471053782
App,0.04923228065345236
Drap1,-0.04917643130672194
Hnrnpa1,-0.049174829850131205
Eid1,-0.04911573304981463
4921524J17Rik,0.049074191548625065
Slfn9,0.04889208737589979
Tmem97,-0.04884400206026946
Ly6e,-0.04882154312010167
AI662270,0.04879534082684792
Selenok,0.04872423275559064
Parp9,0.04864286510478394
Mtch2,-0.04850733702901757
Nedd4,-0.04838759751327017
Ccar1,0.04828167594846434
Mrps21,-0.048229829624783296
Msn,-0.048211919095384075
Trpc4ap,0.048207338916498914
Vti1a,0.048193624508476904
Hnrnpd,0.04819278160902251
Supt3,0.04818773570664359
Parp11,0.048024174193211436
Ifi30,-0.0480051707826736
Eif4a1,-0.04772298687635224
Lsm4,-0.04766836500596732
Bnip3l,-0.0476126695020352
Gm48099,0.0476051347201338
Atp5k,-0.04743429282527827
Vdac1,-0.047379446286958955
Cav1,0.047277008653601904
Dnajb6,0.04722468896695365
Atp5a1,-0.047208661396301616
Atpif1,-0.04718532648936348
Ube3a,0.04717646215135822
Asns,-0.0471555792302994
Mrpl30,-0.04710474201676762
Ifi27l2a,-0.04705808667361871
Mrpl21,-0.04701957112998857
Snrpd2,-0.046899979986598846
Psmd12,-0.04683335756923864
Ctcf,0.046714217521100686
Hnrnpa2b1,-0.04667011246910615
Psmd7,0.04607264489406197
Snhg6,-0.045976904205701274
Ckap5,0.04594115047179915
Rap1b,0.0458520056746778
Ywhah,-0.045629791858037214
Ctsd,-0.045607517005188364
Adk,0.04553166854541381
Rab10,0.04552621142980616
Slc3a2,0.045249812615321634
Parva,0.04519461461437668
Cxcl2,0.045136607776437035
St13,0.04504775408927538
Gatad1,-0.04498604027381444
Vapa,0.04494689202204276
Bicd1,0.04489304727827642
Ccdc124,-0.04487575834122525
Dnajc2,-0.044661709819215946
Nbeal1,0.044323195405980335
Rpl31,-0.044300045099566296
Cyb5b,0.04428069349877289
Nampt,0.04426399296470393
Sfr1,-0.04426081268030332
Rbm8a,-0.044260381785079704
Cdc37,-0.04422320242216751
Pdcd5,-0.044216258370151265
Shmt2,-0.04420016020992774
Klra4,0.044153705936372946
Phkb,0.0441036008346584
Higd1a,-0.044018498735218
Trir,-0.04397649728474661
Timm8a1,-0.04397126429223963
Ndufs6,-0.04386841397970211
Pa2g4,-0.043830749916409874
Jpt1,-0.043790558256523095
Zmym4,0.043701996566378236
Morf4l1,-0.0436834204475252
Bri3bp,-0.043551645175984074
Mier1,0.04351946372513563
Ifih1,0.04339918340158014
Ly6c2,-0.043364106663669515
Eif4g2,-0.0433039281201526
Rrp1,-0.04328154157610443
Mcm7,0.04321258320330929
Rigi,0.04320748489266481
1810009A15Rik,-0.04307422106239214
Gpatch4,0.04297316887338906
Dnaja2,0.04286525127656491
Srm,-0.04286471912559967
Oxr1,0.04279745631391275
Ssh2,0.042690468902817906
Lars,0.04261314602189509
Mvb12a,-0.0425761823051684
Uqcr10,-0.04256509902198219
Psmc6,-0.0424926316591717
Smarcc1,0.042415559086758634
Map1lc3b,-0.04234916193430544
Hnrnpa3,-0.042171626831632475
Med13l,0.04214027263544383
Npc2,-0.04213150854847678
Psmc1,-0.041956934921780244
Nfe2l2,0.04184911754482823
Nsun2,0.04180352615233655
Dusp11,0.04176176846731261
Ctss,-0.04168057804826216
Abce1,-0.041638659290756073
Mapkap1,0.04159445236609542
Exoc4,0.041589722503176024
Arpc1a,-0.041408612678808555
AW554918,0.0412284668603613
Glud1,0.041205784794857
Tcerg1,0.041166793937971846
Eif3c,-0.04115472435395314
Mrpl54,-0.04108137795493838
Gpx4,-0.04104846782071161
Serinc3,0.04099826930427128
Acsl4,0.04096534530620316
Tor3a,0.04089552943357274
Rtn3,0.040840515872604045
Mtap,-0.04074198552281182
Cyrib,0.040725625479077945
Arpp19,0.04072131877069627
Smc4,0.0407126067676943
Arpc2,-0.04070608500296806
Nes,-0.0406529377628639
Pnp,0.040538814316796505
Bcat1,0.04047433840654658
Cisd2,-0.0404629269621456
Stmn1,-0.04043709960494771
Cmpk2,0.04037653978098623
Morf4l2,0.04018473151104005
Vegfc,0.04007264525476019
Aifm1,0.04002230959145816
Rab1a,0.03996530011633416
Ncam1,0.039957590004696016
Sys1,-0.03988733800541204
Dnajc8,-0.03973118693029955
Erp29,-0.03953992742681987
Jarid2,0.039532313333729266
Caprin1,0.0393945386015784
Nucks1,-0.039342440967601054
Ube2k,0.039339661896955945
Psmc3,-0.03929229421463567
Gm12648,0.03922693087143931
Zfp106,0.03916725013429266
Eif4a3,-0.039145627103732344
Tapbp,-0.039094586235603294
Hdgf,-0.03908854690103486
Eif5,0.03897823458234933
Evi5,0.03894706550073548
Hnrnpf,-0.038625881256916156
Ndfip1,0.03843330956199635
Adrm1,-0.038406803546946956
Mak16,0.03839524772529712
Ttc3,0.03834389782083552
Palld,0.03827481052594786
Nip7,0.03826622338238782
Hif1a,0.038235414687582556
Scpep1,0.038198963008253324
Epn2,0.03816226901039521
Hmgn2,-0.0381400134475888
Ctsl,-0.03810311455289187
Pdcd10,-0.03808508549843722
Cbx3,0.03797782489522635
Tma16,0.03795032641017861
Tubb4b,-0.037942829928468924
Xrcc4,0.03793635069919058
Atxn10,0.0378903824442419
Picalm,0.0378802155237862
Nol7,-0.03786921775273002
Ak2,-0.03786349317073956
Gnas,0.037701628172614576
Hmmr,0.03769870478117991
Fkbp5,0.037639536427298656
Hmgn5,-0.03755858090201162
Luc7l,0.03740974410719533
Rex1bd,-0.03737695033123355
Srp72,-0.03731514778560241
Calr,-0.03729602996287069
Clpp,0.037081505472962184
Cul1,0.03706402338098093
Rap1a,-0.03690218810771107
Samhd1,0.03685640415254548
Slpi,-0.03682852097293126
Slc7a11,0.03682493690082721
Fstl1,-0.036759744867086434
Dut,-0.03651601247057075
Eif4ebp1,-0.03643091115706354
2410006H16Rik,-0.03640820714680996
Orc2,0.036295168537317526
H1f5,-0.03616710106199234
Sumo1,0.03609026261372922
Rgs17,-0.03605671826517389
Cnbp,-0.03596832271270164
Snx3,-0.03589002732955606
Ndufa2,-0.03576956072797651
Pcna,0.035632763225847255
Polr1d,-0.03540860775363442
Septin11,0.035395676153653875
Ldlrad4,0.035355695890573545
Dctn1,0.0352991498126116
Lgmn,-0.0350986452626041
Ash2l,0.035075486949827345
Ube2b,0.03486990103380171
Cdc34,-0.03478393540052659
Utp11,-0.03476385483935761
Atp1b3,0.034432074511110904
Slc16a3,-0.03442374662160911
Gadd45gip1,-0.03441395368879846
Ftsj3,0.03436089388096896
Fam162a,-0.034309511353336354
Cacna2d1,0.0343061232573335
Ptpn1,0.03412715550100406
Bri3,-0.03392274711235103
Srp19,-0.03389750621940539
Comt,-0.03377077103956576
Utp3,0.03374480386889639
Cse1l,0.03373232555815849
Vps36,-0.033728624238301655
Blvrb,-0.033681392897493445
Knl1,0.03356915876917293
Arhgdia,-0.03355263438487543
Ccdc50,0.03347797598085012
Eif5b,0.03341980946063197
Cggbp1,0.03330156612394885
Stk3,0.03329709231859041
Utp14a,0.033283029669233806
Tln2,0.03314131990806243
Dkc1,-0.033096909465861246
Tnfaip2,0.03301262637209174
Bcl7c,-0.033009583344328006
Gar1,-0.032952258432799635
Trps1,0.03278406915919939
D8Ertd738e,-0.03267755001553938
Resf1,0.03261006197526208
Ifit1,-0.0325243645823798
U2af1,-0.032473874439526075
Ctnna1,0.032462897234046
Ncbp2as2,-0.03242889601019554
Brinp3,0.03222301418938743
G3bp2,-0.03221670373228806
Smc6,-0.032107609611420465
Ddx27,0.03205430222566237
Rbm28,0.03198292089933641
Tfdp1,0.03197869730822925
Psap,-0.031838482284352015
Larp7,0.03172090812386274
Pdgfa,0.031535221214000556
Ccnd1,-0.03149830664342513
Kpnb1,0.03148551487273148
Nln,0.031462152378229094
Tyrobp,-0.03138666386309079
Kdm1a,0.031289696930147735
Kars,-0.031216936768477057
Kif20b,0.031152066523132526
Dnaja1,0.03104471897993674
Rangap1,0.031033621210241384
Rbm17,-0.03103016429727268
Ezh2,0.031007195607768864
Hspa9,0.03092016045164599
Ndufb7,-0.030907461741716297
Il33,-0.030890606945894083
Niban1,0.030861041279276833
Lrrc59,-0.030720430555060376
Vcp,0.030717755719251713
Brd7,0.030635212691221898
Snrpf,-0.030556030854884692
Mlkl,0.030549713089219187
Fkbp4,-0.03042160549139041
Txnrd1,0.030044376651471274
Fip1l1,0.029761023268960494
H3c3,-0.02962647069129817
Gab2,0.02959122938244347
Sf3b2,0.029587578918429728
Rab14,-0.02953209980945556
Ptbp1,-0.02928255456485186
Hdac1,-0.029267461004849015
Macroh2a1,-0.029230896744167626
Rad50,0.029225792636589427
Ube2d2a,0.029216655329808428
Odc1,-0.029122128618256974
H2ac8,-0.02907301909268607
Wbp4,0.02906212720736875
Cd34,-0.02899654002158418
Smc3,-0.028897423487760057
Timm17a,-0.02887095877927606
Nfix,0.028756332651732226
Tpi1,-0.02862560695973191
Rrm2,-0.028596560568044712
Atp5e,-0.028575347809345005
Bcas2,-0.028558667285325714
Elavl1,0.028455099520901674
Rpl36al,-0.028372226375377556
Eea1,0.02827227403042081
Pcmt1,-0.028241752146178647
Xaf1,-0.028208511230574166
Usp1,0.028081900081017446
Dynll1,-0.028078191988714994
Tm9sf3,-0.028076710709721592
Ube2i,-0.028049698345646527
Dock7,0.027888086081625803
Ciapin1,0.027726247534492408
Mapk1ip1l,0.027687089479967723
H2-K1,-0.027570302135769307
Ctsa,0.027566221418096927
Fscn1,0.02745919100779755
Tkt,-0.02740691599511885
Anapc5,0.027361390283892797
Hdlbp,0.02734324008668873
Nav1,0.027299977852212748
H2-T22,-0.027298005952021955
Emc8,-0.027239586834951555
Anxa2,-0.027238401904007913
Wdr12,0.027152942189612023
Suclg2,0.027118730900631008
Cd2ap,0.02704569716969008
Stag2,0.02701285828994024
Ssr3,-0.026948046169330605
Psmd1,-0.02689607032033263
Zeb1,0.026373238804554246
Pum3,-0.02622399863090829
Tceal8,-0.026205183330006022
Znhit1,-0.02611418997650587
Cbx5,0.026106555686981166
Ube2v1,-0.02609932695644872
Smarce1,-0.026051563608356018
Mef2a,0.025942774769776335
Smarca2,0.025839117044289546
Nmt1,-0.025751113183348755
Csnk2a2,0.025733726720826765
Timm23,-0.02567700436706406
Vapb,-0.02565316968903488
Mrto4,-0.025500711160101962
Lig1,0.02527418281433892
Eef2,-0.025265334813272224
Gspt1,0.025243331623915313
Nop16,-0.025213390657143012
Mapre1,0.024988046126902197
Khdrbs1,0.024983666577645045
Cs,0.024950808104231503
2810004N23Rik,0.024903196486629454
Gars,0.0247553690638243
Ccdc47,0.024650036830352263
Prdx6,-0.024548344933019918
Sp100,0.02451466698249259
Cfdp1,-0.024495704087520304
Tmem160,-0.024488162078041102
Dek,-0.02435835951886888
Phf14,0.024289892978333727
Dnajc3,0.024171542027636755
Edil3,-0.02413835563057021
Chic1,0.02413307419985312
Itgb1,0.023887613269849756
Gtf2h5,-0.023877217324679144
1110038B12Rik,0.023803393051078658
Ergic2,0.023734908475235378
Ctsb,0.02372254000370408
Hmgn1,-0.023702546965575416
Col6a3,0.023694016501625066
H1f4,0.023524558170742116
Eif4e2,-0.023382136138379597
Dynll2,0.023366991106780158
Snw1,-0.023193307644127283
Zwint,0.02315890563686057
Srsf3,-0.023009573714007133
Sod1,0.023003382832330225
Isg20,0.022891956938902298
Hnrnpa0,0.02283330540166454
Usp15,0.02274207587501373
Bnc2,0.02266709675188318
Fgfr1op2,-0.022622064173890136
Rnps1,0.022510883055311424
Psmd4,0.022396118359454785
Fn1,0.022371525004255367
Hsp90aa1,0.022260899980491584
Pkm,-0.022243341632648028
Gkap1,-0.02222153776093245
Pxdn,-0.022208709273826937
Sarnp,-0.02219747778415883
Gas5,0.022119542298732985
Lamp2,0.02211173319342944
Llph,0.022025714372824877
Ubb,-0.021860737471544076
Ccdc34,0.021821161494163487
Atox1,-0.021765701606302847
Magt1,0.021679891791099654
Ifi207,0.021573778001893584
Ndufaf2,-0.021360406536956977
Phf11d,-0.021354896940969533
Hat1,0.02129738706340272
Lsm7,0.021194852910849295
Pak2,0.021157786135604175
Actr3,0.02112167818398204
Bud31,-0.021045886049148522
Capn2,0.02097756951359765
C130026I21Rik,-0.020973545218742215
Gnai3,0.020856593116443074
Mrpl12,-0.020791834920664682
Ogfr,-0.020778369216276352
Stat1,-0.020764692691793093
Ppa1,-0.020737537948514555
Dnmt1,0.020716362075549687
Dnttip2,0.02067970589108041
Ik,0.02063854137786662
Gulp1,0.020565412759480716
Supt16,0.020546678382921266
Slfn2,-0.020423991417775955
Gtpbp4,-0.02019266597750891
Capg,-0.020111369963681718
Wfdc2,0.019958911767708018
Pcbp1,-0.01992751552293457
Ifi203,0.019917427100277954
Sp140,-0.01990909071524688
Tmpo,0.01988745569147095
Smap1,-0.019851646252627742
1110004F10Rik,-0.01977401247271007
Pabpc1,-0.019675274839847077
R3hdm2,0.01963323631437211
Hmgb2,0.019628850233914738
Trp53,-0.01946434855261748
Lgals3,-0.019354090122754467
Shisal2b,-0.01934236081915561
Ckap4,0.01932528800582571
Tln1,0.019165352391432657
Avpi1,-0.01904631406638126
Plxnd1,0.01902790131047931
Tcea1,-0.018935751108039637
Gsr,0.01878697687990971
Got2,-0.018753150450303256
Tcf7l1,0.018720873980141415
Hnrnpr,0.018645247731197592
Fbn1,-0.018515004926280384
Ube2d3,-0.018460304667671755
Fyttd1,0.018446552615840522
Tpd52l2,0.018404791528247134
Nono,-0.018335079323391477
Tomm40,0.0182431229020022
Birc5,-0.018154065055019625
Pes1,-0.01815136630185723
Stip1,-0.017915346892625233
Anp32e,-0.01790432924980157
Golm2,0.017836846001985446
Tusc3,-0.0177589000498524
Psmd11,-0.017698446209777192
Cbx1,0.01753257384918138
Rpl38,-0.017470356937717476
Lyz2,-0.017365106825077456
Orc6,-0.017181540897376
Ppig,0.017169915751531067
Rtp4,0.0171639604932244
Syncrip,0.017042181045054356
Top2a,-0.017001194293286104
Iigp1,-0.01698341574724061
Pdap1,-0.01696433946606908
Acbd6,0.01693036933049891
Hmga1,-0.016904751863463373
Ccl2,-0.016777180470578662
Tmed2,-0.016751364193477117
Xrn2,0.016641660420246878
Pgp,-0.016622164201881392
Cdc5l,0.016580636219533446
Usp18,-0.016294879561114636
Timm13,-0.016225899742389648
Pfdn6,-0.016184821319605067
Rbms3,0.01615566755526991
H4c4,-0.016096480763236127
Rae1,-0.016032830028458053
Gbp7,0.015976476243367014
Fyb,-0.01588710466062707
Mcm3,-0.015840443459206856
Mrpl38,0.015822913969605418
H1f1,0.015500037204193122
Psd3,0.015463160639676498
Sbds,0.01540021708130833
Pkig,0.015395908329919281
M6pr,0.01536629475731829
Tpr,0.015285691285693528
Uqcrq,-0.01527200850170748
Tomm70a,0.015266347492713895
Cdca7,0.015262086283455259
Fam111a,0.014891945985627483
Dnajc7,0.014627748435116258
Mthfd2,0.014473679154907439
Apoe,-0.014327591091170341
Phf10,-0.014260706376701461
Pak1ip1,0.014186958834024488
Tpm4,-0.01417516128164871
H1f2,0.013891470031950803
Rfc3,-0.013691480993870221
Gsto1,-0.013642635195020224
Fam104a,-0.013322058123984553
Smarcad1,0.013286426819678128
H2ac24,0.013279259563916589
Eny2,0.013252335142057235
Tmed5,0.013176784692599369
Trim30a,0.013040601880755183
Add1,0.01286548592471868
Ccl6,-0.012740403774508632
Rsl1d1,-0.012704099845587812
Cyba,-0.012565088356742684
Cnn3,0.012539786551847771
Dtd1,0.012509400335950195
Vps35,0.012499870132101302
Tceal9,-0.012403608809802541
Mrpl33,0.012208662374101417
Bnip3,0.012153317599553915
Kif26b,0.012135781943724062
Tap1,0.01213179193830373
Isg15,-0.01204684848463145
Snrpd1,-0.011939627122537693
Cd52,-0.011729902172664517
Srp9,-0.011681917257254733
Lmnb1,0.01160174810194326
Top1,0.011574016720575868
Agpat5,-0.011380118243474095
Zfp706,-0.01116900918143221
Phb,0.011168420277924855
Kras,-0.011153553071090953
Ssu72,-0.01108721930627675
Capza1,0.011010617250045327
Dstn,0.010926089469966179
Dync1i2,0.01086520900521785
Snx4,0.010776907155177193
Tpm3,-0.010732819041451562
Cdca8,0.010652642767305535
Sugt1,-0.0105004999689274
Ifi211,0.010477513343421565
Nop53,-0.01043245175964173
Snrnp27,-0.010411687747214234
Ddx39b,-0.010386022478621464
Hnrnpc,-0.01028817431326704
Gm4951,0.010180262363514315
Cct3,-0.010157673063739601
Trnt1,-0.01012822939613806
Col4a1,0.010123466394908742
Smc2,0.010119091629545652
Plin2,0.010044522569482144
S100a8,0.010005635976180573
Myo1b,0.009811337182904414
Srsf6,0.009385149109715555
Ptms,-0.009276498470509285
Dcun1d5,0.00913920082461554
Ppp2r1a,0.008987771532673425
Gbp3,0.008921260128933716
Rab2a,0.008843843659840967
Sf3b1,0.008830969650893503
Mphosph10,0.008634463128510376
Ybx3,-0.008577070954288989
Sae1,-0.008372145100887572
Metap2,0.00836239821780748
S100a9,0.00836212014265746
Ruvbl2,0.008326266761541384
Cyp51,-0.008184523724455078
Leprotl1,-0.008054342192051901
Pcbp2,0.007774855488685267
Gclm,0.007726530428849502
Epsti1,0.007569751260442752
Tafa1,0.007493518806069718
Srpr,0.007472419956262038
Chmp4b,0.007450426039415569
Ebna1bp2,-0.007379235133891523
P4hb,-0.007303435755041972
Eif2b3,0.0073017791953125825
Csmd3,0.007178405904054777
Dlg2,-0.007133391915857753
Sars,-0.00713091161747442
Wls,-0.006976170382409537
Mri1,-0.0069301718329862465
Scand1,-0.006906811774208061
Ddx5,0.006801097129440704
Ifi35,0.006517777821255602
Ssbp1,-0.006510357812562997
Calu,0.006482366409188073
H2ac20,-0.006253328282831569
Rfc1,0.006181887279339278
Ddx6,0.0061265876286603
Scd2,-0.0060564331794229105
Smc1a,-0.006039400175858059
Nap1l4,-0.005770344327727563
Srgn,0.0057076594349012326
Cenpw,0.005637299800880367
Brix1,-0.005631865633468735
Snrpa,0.005541846839133181
Eprs,0.005528147551186822
Apobec3,-0.005363297367370836
Cpq,-0.0053629670801184585
Pabpn1,-0.0052152286321446506
Psip1,-0.005213983959590433
Hacd2,0.005167265555643576
Eif3b,0.004944247264665873
Rp9,-0.004934439002554686
Pbrm1,-0.004857130966002913
Bola2,0.004746716451274683
Ccl4,-0.004708558611794329
Tmem234,-0.004680007587196146
Stub1,0.004585198958739186
Dclk1,-0.0045302589342183855
Srsf1,0.004517483890575776
Slfn4,0.0044850956582192245
Psmd14,-0.004474917012672983
Eif4h,-0.00441735857997198
Hmg20b,-0.004400521760535556
Gfer,-0.004214186470926699
Il1b,0.004168947148818862
Morc4,-0.0040738688171051115
Rad21,-0.004027475501900056
Ppid,0.003951714385549048
Rpl36,-0.0039041011921061943
Prkg2,0.0038686998342080518
Trim30d,0.0038666772221967625
Cd9,0.00381334279857161
Hsd17b12,0.0037626529469079856
Eps15,0.0033701158404896674
Sppl2a,-0.003244124881100007
Ifi44,-0.0031803115583535174
H1f0,-0.0028826304110317383
Map2k2,0.0027662363204303533
Bzw2,0.0027083508030001373
Usp14,-0.002503958726973581
Mrps6,0.0024838061083659263
Ssrp1,-0.0023930797631665883
Nudt4,-0.002268160739687916
Polr2f,0.0022075504284516092
Norad,0.002059187226459754
Parp1,0.002041949979984389
Ccl5,-0.00197310365122013
Cox17,0.0018309210834764288
Exoc3,0.001772749435205115
Smarca5,0.0017694969134829505
Canx,-0.0017432557028698023
Ube2c,-0.001536125131165365
Htra1,0.0014643814639872506
Wasf2,0.0013678946960665303
Ncl,-0.0013178643219426086
Ssb,0.0011365852612742929
Cwc15,0.0006895529573657748
Lyar,0.0006376045307939979
Irf7,-0.0004698646302402737
Prpf19,-0.0004550587848143387
Ifit2,-0.0003610126351212045
Nudc,0.000280785334814646
Atp6v1e1,-0.00018441708213699751
Mndal,1.1470994263941029e-05
