sample,query,anchor,median_dist,bg_median_dist,ratio_vs_bg,p_vs_bg,n_query,n_anchor
E14S,entering,Spp1_TAM,0.9601961937400973,0.850908471710259,1.1284365189245074,0.0029145342372860245,100,260
E14S,entering,C1qc_TAM,0.6570263191895489,0.4608415284560059,1.425709877733538,0.0060362104972854535,100,525
E14S,entering,Il1b_TAM,0.42143719275362845,0.3396242683336959,1.240892456894593,0.030339082368678875,100,850
E14S,entering,Neutrophil,0.5641418270559149,0.531692666168763,1.0610299200118218,0.11238945153067477,100,495
E14S,entering,CAF,4.110408884280642,3.6465040726921707,1.1272190575797099,0.0417712285302413,100,10
E14S,entering,Stromal,2.6874649632829275,2.207927514024998,1.2171889458380563,0.0051116640864268224,100,30
E14S,entering,CD8_exh,1.115381663740005,0.9296457578147586,1.1997921298128014,0.0012162557277321407,100,198
E14S,entering,NK,0.7684571428984048,0.8591587878009691,0.8944297070687985,0.2718058477631571,100,253
E14S,entering,Monocyte,0.31492136297582196,0.2781776614609025,1.1320871752316595,0.011102066355703677,100,1163
E14S,entering,Hypoxic_Tumor,0.852178680634718,0.9483323808911922,0.8986075956131393,0.11422522844489214,49,226
E14S,entering,Tumor,1.0375930354390215,1.0183126998377117,1.0189336100830153,0.87674787404864,51,155
E14S,entering,hypoxic_core_dyn,1.6141004383092306,1.6769341627108396,0.9625305955362997,0.3372213333693074,81,64
E14S,entering,exit_front,1.166702882032256,1.3047001437909598,0.8942306686977619,0.22223404595825913,100,81
E14S,entering,enter_front,0.0,1.2999711468098611,0.0,5.907961907728734e-66,100,100
E14S,entering_deep,Spp1_TAM,1.0162260293736514,0.8540479449900711,1.1898934191399122,0.04122147409224004,19,260
E14S,entering_deep,C1qc_TAM,0.5827801027935853,0.4618491447388996,1.2618408184409489,0.21402598260990602,19,525
E14S,entering_deep,Il1b_TAM,0.4157742086638354,0.34174284157391177,1.2166288743575986,0.24317203767542173,19,850
E14S,entering_deep,Neutrophil,0.9417298757125794,0.5315824133860996,1.7715595023430186,0.007712513051020023,19,495
E14S,entering_deep,CAF,8.20157558436104,3.6487763124858295,2.247760586554973,0.00042793739979508016,19,10
E14S,entering_deep,Stromal,3.1722985797855,2.2084185033512207,1.4364571637901127,0.08058163499070184,19,30
E14S,entering_deep,CD8_exh,1.2388117595096473,0.9322008037931222,1.3289108467498914,0.0654311985671389,19,198
E14S,entering_deep,NK,0.5633351147973633,0.8584156973133583,0.6562497826641234,0.5004808304539745,19,253
E14S,entering_deep,Monocyte,0.37397522064124533,0.27823379450362207,1.344104231868846,0.021416715827371684,19,1163
E14S,entering_deep,Hypoxic_Tumor,0.0,0.9469430650716166,0.0,5.4611429142516575e-12,19,226
E14S,entering_deep,Tumor,0.9274143108265342,1.018447624757213,0.9106156156509472,0.6586351384337377,16,155
E14S,entering_deep,hypoxic_core_dyn,0.0,1.6767031373394543,0.0,4.872836648711248e-14,19,64
E14S,entering_deep,exit_front,1.1111377146281223,1.3038262987872482,0.8522129946770096,0.988664116021627,19,81
E14S,entering_deep,enter_front,0.0,1.2999711468098611,0.0,4.8766157937044376e-14,19,100
E14S,persistent,Spp1_TAM,0.9524414293806795,0.8521851563951591,1.117646115087965,0.12374105892052553,45,260
E14S,persistent,C1qc_TAM,0.4494650300596154,0.46211467258984296,0.9726266156853779,0.9073125573242415,45,525
E14S,persistent,Il1b_TAM,0.4455399728052877,0.34129757698843366,1.3054296392511064,0.20636776004575297,45,850
E14S,persistent,Neutrophil,0.4853978412295803,0.5325341318396563,0.911486817854769,0.754340736672084,45,495
E14S,persistent,CAF,4.081241959720265,3.648390823081354,1.1186416580977292,0.1679408014112701,45,10
E14S,persistent,Stromal,2.44735536927841,2.208645803151959,1.1080796050619746,0.2574328226313036,45,30
E14S,persistent,CD8_exh,1.1218943270177617,0.9322008037931222,1.2034899803269608,0.12661006066146277,45,198
E14S,persistent,NK,1.0396548967452095,0.8566556747833158,1.2136205097902162,0.008928579790504267,45,253
E14S,persistent,Monocyte,0.3181474175515884,0.27823379450362334,1.1434535410019908,0.18057171483540058,45,1163
E14S,persistent,Hypoxic_Tumor,0.0,0.9469011911648844,0.0,1.1429939457961287e-25,45,226
E14S,persistent,Tumor,0.8944322252578782,1.0191214585480346,0.8776502719628689,0.5825453468945148,41,155
E14S,persistent,hypoxic_core_dyn,0.0,1.6767031373394543,0.0,5.996569833422188e-31,45,64
E14S,persistent,exit_front,1.12811925805603,1.3042833015083848,0.864934218471843,0.048199097012141874,45,81
E14S,persistent,enter_front,1.3107808702157582,1.2997638606078088,1.0084761624336882,0.41998905941467113,45,100
E14S,exiting,Spp1_TAM,1.0271345020229605,0.8507954760157277,1.207263709056174,0.008700634183630691,81,260
E14S,exiting,C1qc_TAM,0.5986886168073403,0.4612927884188117,1.2978495043451357,0.14002865307922888,81,525
E14S,exiting,Il1b_TAM,0.4237534482783496,0.3414967679296249,1.240871036195798,0.09237930098841064,81,850
E14S,exiting,Neutrophil,0.5472579254932414,0.53175309880926,1.0291579432610753,0.6228996623336913,81,495
E14S,exiting,CAF,4.8504061693467095,3.6487763124858295,1.3293240675645135,0.03261418484231087,81,10
E14S,exiting,Stromal,2.9055852185067037,2.2070805896851677,1.3164835176776102,0.006586427451113271,81,30
E14S,exiting,CD8_exh,1.006423154240198,0.9314253519668543,1.0805193911836024,0.14441524467811315,81,198
E14S,exiting,NK,0.842004790781801,0.8583662346576382,0.9809388542847762,0.8376926670475702,81,253
E14S,exiting,Monocyte,0.28758461585292744,0.2785295442740554,1.032510273200901,0.26840157684106614,81,1163
E14S,exiting,Hypoxic_Tumor,0.7843714886031667,0.9478650531994878,0.8275138807529049,0.09872665211460682,11,226
E14S,exiting,Tumor,0.9389481035502554,1.0193072242308236,0.9211630029001239,0.15731820208023017,70,155
E14S,exiting,hypoxic_core_dyn,1.2576560509332595,1.6788036568011835,0.7491382603547667,0.03330137221680895,81,64
E14S,exiting,exit_front,0.0,1.3037857211311856,0.0,5.832386799519453e-54,81,81
E14S,exiting,enter_front,1.0816311725998016,1.3032224405660346,0.8299666572116512,0.0035670173229846594,81,100
E14S,normoxic,Spp1_TAM,0.7806750193399487,0.8543276088807836,0.9137888220218893,0.698850458414505,20,260
E14S,normoxic,C1qc_TAM,0.3755874491877117,0.4630427870192901,0.8111290354082655,0.7194066348176631,20,525
E14S,normoxic,Il1b_TAM,0.22959334559550126,0.3422107402038367,0.6709121562308207,0.6955102360982914,20,850
E14S,normoxic,Neutrophil,0.4358870374442448,0.5326027213000083,0.8184093321571956,0.7095589248727641,20,495
E14S,normoxic,CAF,2.077352980708932,3.6654260846427587,0.5667425649128581,0.015074687036026945,20,10
E14S,normoxic,Stromal,2.1948172549415723,2.2091396598413175,0.9935167499094313,0.519493019465356,20,30
E14S,normoxic,CD8_exh,0.9522982539964835,0.9323161320615092,1.0214327750510874,0.6345415611004281,20,198
E14S,normoxic,NK,0.8515840652440707,0.8583584304133851,0.9921077664885847,0.7358219458465283,20,253
E14S,normoxic,Monocyte,0.22151627526806986,0.2789112094928702,0.79421790063885,0.08104225118428518,20,1163
E14S,normoxic,Hypoxic_Tumor,1.2027050261753827,0.9467246010558545,1.2703853103997091,0.401216899861793,20,226
E14S,normoxic,Tumor,0.0,1.018447624757213,0.0,1.0752910317166847e-14,20,155
E14S,normoxic,hypoxic_core_dyn,2.1404302690143595,1.6753650332369825,1.2775903916765063,0.14420001735870963,20,64
E14S,normoxic,exit_front,1.378041005672091,1.3037857211311856,1.0569535954700289,0.8766721965678514,20,81
E14S,normoxic,enter_front,1.1055950430967139,1.3004319803343631,0.8501752185550271,0.6457893438081126,20,100
E14S,Spp1_TAM,Spp1_TAM,0.0,0.8541791972521997,0.0,2.94227897461024e-163,260,260
E14S,Spp1_TAM,C1qc_TAM,0.46800021381358325,0.4619829474791599,1.0130248667559203,0.7924492560357923,260,525
E14S,Spp1_TAM,Il1b_TAM,0.350366408353612,0.34162916354642114,1.0255752310970478,0.11712749877011867,260,850
E14S,Spp1_TAM,Neutrophil,0.6461725554621005,0.528947855061409,1.2216186326856022,0.03417737787392795,260,495
E14S,Spp1_TAM,CAF,4.480927812396208,3.6243765753828225,1.2363306403730725,0.001394233110606302,260,10
E14S,Spp1_TAM,Stromal,2.5043824162347894,2.2001059027305843,1.138300848666677,0.011798119920854026,260,30
E14S,Spp1_TAM,CD8_exh,0.969438602375407,0.9291210342314915,1.0433932358202003,0.42257918491791036,260,198
E14S,Spp1_TAM,NK,0.8830907409338795,0.8563668382015366,1.0312061391686604,0.29091813971814595,260,253
E14S,Spp1_TAM,Monocyte,0.2785295762287712,0.2785295442740556,1.0000001147264852,0.5503945426700284,260,1163
E14S,Spp1_TAM,Hypoxic_Tumor,0.9923340959471725,0.9434454099905996,1.0518193055357172,0.02763787056795552,260,226
E14S,Spp1_TAM,Tumor,1.02422930723418,1.0181472523154076,1.0059736495923757,0.8154662171382667,260,155
E14S,Spp1_TAM,hypoxic_core_dyn,1.662581731802843,1.6772056934856865,0.9912807583830395,0.9581029049871788,260,64
E14S,Spp1_TAM,exit_front,1.3678061355835616,1.2992447266789717,1.0527702037166171,0.2116749097691374,260,81
E14S,Spp1_TAM,enter_front,1.4310029700218416,1.2946067024110635,1.1053573006819408,0.11521857044962767,260,100
E14S,C1qc_TAM,Spp1_TAM,0.8188122515849864,0.8595527459034376,0.9526026826013677,0.028823059204276278,525,260
E14S,C1qc_TAM,C1qc_TAM,0.0,0.4619829474791599,0.0,1.5187902220439e-310,525,525
E14S,C1qc_TAM,Il1b_TAM,0.3824717463074426,0.3365385243212491,1.1364872627252238,0.42872107883830757,525,850
E14S,C1qc_TAM,Neutrophil,0.5491391651041041,0.5302033488003606,1.0357142525534546,0.3816045967655721,525,495
E14S,C1qc_TAM,CAF,3.862301113575494,3.641773543894012,1.0605549925121593,0.4611258460485068,525,10
E14S,C1qc_TAM,Stromal,2.1928054173765474,2.2112623826661286,0.9916531998037575,0.7424681051696109,525,30
E14S,C1qc_TAM,CD8_exh,0.9643716444893178,0.9289129590296138,1.0381722368226467,0.2662104643942669,525,198
E14S,C1qc_TAM,NK,0.8781336175734769,0.8565363443504335,1.0252146606101367,0.31216867050605235,525,253
E14S,C1qc_TAM,Monocyte,0.2866905783969794,0.27643631721477596,1.0370944790667156,0.9101126228489502,525,1163
E14S,C1qc_TAM,Hypoxic_Tumor,0.9728602611070537,0.9431247960871979,1.0315286642268566,0.08810981807951873,525,226
E14S,C1qc_TAM,Tumor,1.0883736466594618,1.0118365881499498,1.0756417186390275,0.3330561700573377,525,155
E14S,C1qc_TAM,hypoxic_core_dyn,1.762403867144366,1.6704153433184488,1.0550692522035703,0.26154351760077277,525,64
E14S,C1qc_TAM,exit_front,1.395515691999436,1.296484893055766,1.0763840747193423,0.10574941831102529,525,81
E14S,C1qc_TAM,enter_front,1.3859947514841466,1.2924323264906887,1.072392513770919,0.0068245597879455985,525,100
E14S,Il1b_TAM,Spp1_TAM,0.8470212585863617,0.8559711588597172,0.989544156738554,0.11094804824491442,850,260
E14S,Il1b_TAM,C1qc_TAM,0.4575225849996175,0.4646143100870929,0.9847363179878251,0.09466667477944352,850,525
E14S,Il1b_TAM,Il1b_TAM,0.0,0.34184710831108733,0.0,0.0,850,850
E14S,Il1b_TAM,Neutrophil,0.46562308868604957,0.5508109791800022,0.8453409722864045,5.032549630636639e-05,850,495
E14S,Il1b_TAM,CAF,3.275189069412094,3.7661375924256246,0.8696413736978394,2.296697935935781e-07,850,10
E14S,Il1b_TAM,Stromal,1.952775984390848,2.2618538604318137,0.8633519691754271,3.4241520375391094e-11,850,30
E14S,Il1b_TAM,CD8_exh,0.9066318648182056,0.9375448737221914,0.9670277020648018,0.0900278325385587,850,198
E14S,Il1b_TAM,NK,0.8040742001196473,0.8699148259544712,0.9243137099513351,0.0003406516153116902,850,253
E14S,Il1b_TAM,Monocyte,0.24202965688309191,0.2866905783969794,0.8442190818979559,1.0835674942914526e-07,850,1163
E14S,Il1b_TAM,Hypoxic_Tumor,0.9177274904498094,0.9555929310758309,0.9603749259808865,0.0882341500409445,850,226
E14S,Il1b_TAM,Tumor,0.9932268114123595,1.0240266368834798,0.9699228278232522,0.29616778139764655,850,155
E14S,Il1b_TAM,hypoxic_core_dyn,1.6179345603551893,1.6854202551643556,0.9599591291238011,0.2585985454559965,850,64
E14S,Il1b_TAM,exit_front,1.2583764334964287,1.3130088105947255,0.9583914619174938,0.20321670816201642,850,81
E14S,Il1b_TAM,enter_front,1.277053772081627,1.3036156347192367,0.9796244675729665,0.45779758451100694,850,100
E14S,CD8_exh,Spp1_TAM,0.8614596102287124,0.8541791972521997,1.0085232852777648,0.7683401590969737,198,260
E14S,CD8_exh,C1qc_TAM,0.5306053078039459,0.46108238431438703,1.1507819987374641,0.0587468317541936,198,525
E14S,CD8_exh,Il1b_TAM,0.40346878887162685,0.3388745993218737,1.1906138426397652,0.6188839527573505,198,850
E14S,CD8_exh,Neutrophil,0.5804812968487114,0.5302443745575299,1.0947429613621122,0.1093329649673986,198,495
E14S,CD8_exh,CAF,4.485785570608016,3.639956904537386,1.232373263819762,0.007161875645107506,198,10
E14S,CD8_exh,Stromal,2.2285315341302327,2.208231535910026,1.0091928757877469,0.4400514652047055,198,30
E14S,CD8_exh,CD8_exh,0.0,0.9324154592726023,0.0,2.547188888074723e-126,198,198
E14S,CD8_exh,NK,0.7635735065621401,0.8596508881649358,0.8882367447931235,0.1136531278673437,198,253
E14S,CD8_exh,Monocyte,0.28830897558298907,0.2781776614609025,1.0364203008569417,0.9403611093812301,198,1163
E14S,CD8_exh,Hypoxic_Tumor,1.064736349427229,0.9433393268631971,1.1286886055813052,0.06785445121709911,198,226
E14S,CD8_exh,Tumor,1.0802478234204163,1.015305085399349,1.0639637671030904,0.03692505346939581,198,155
E14S,CD8_exh,hypoxic_core_dyn,1.7260948320337084,1.670442101775453,1.0333161683359777,0.19708919363847288,198,64
E14S,CD8_exh,exit_front,1.4633227472646029,1.2984948653599164,1.1269376462717082,0.06339664738367827,198,81
E14S,CD8_exh,enter_front,1.4868190543764819,1.2926716044660873,1.1501908522161615,0.022210282577780644,198,100
E14S,Neutrophil,Spp1_TAM,0.894446125614887,0.8482947164896124,1.0544049234636954,0.08373133484541602,495,260
E14S,Neutrophil,C1qc_TAM,0.5009382815435224,0.4608415284560032,1.087007681842083,0.019617752801453888,495,525
E14S,Neutrophil,Il1b_TAM,0.36276360236637345,0.33889846553992586,1.070419725236661,0.307611556286967,495,850
E14S,Neutrophil,Neutrophil,0.0,0.5325087742970994,0.0,1.020760041290693e-294,495,495
E14S,Neutrophil,CAF,3.332218142967991,3.705102703107452,0.8993591838016461,0.2360482775009909,495,10
E14S,Neutrophil,Stromal,2.401458161887259,2.1862506648887328,1.098436789730824,0.00595179068137553,495,30
E14S,Neutrophil,CD8_exh,0.9980786972013184,0.9220620181422426,1.082442045722947,0.011369731130853284,495,198
E14S,Neutrophil,NK,0.8781862796574167,0.8534262647400164,1.0290124829061162,0.18536673130161385,495,253
E14S,Neutrophil,Monocyte,0.3052316496038996,0.2743930314087428,1.1123884890109281,0.008633873269783288,495,1163
E14S,Neutrophil,Hypoxic_Tumor,0.9685102683513735,0.9428283498704589,1.0272392302209021,0.48972069006694474,495,226
E14S,Neutrophil,Tumor,1.0111598680043965,1.019387229618041,0.9919291105729005,0.935176110024811,495,155
E14S,Neutrophil,hypoxic_core_dyn,1.6755947226239323,1.6767846040412089,0.9992903790895927,0.8296405283201422,495,64
E14S,Neutrophil,exit_front,1.3300782179232908,1.299841755737459,1.023261648621741,0.7173081821684753,495,81
E14S,Neutrophil,enter_front,1.2924323264906887,1.3003628112273526,0.9939013291766021,0.9373136916476806,495,100
E14S,NK,Spp1_TAM,0.8905290353817873,0.8510214674047902,1.0464237031499055,0.02851853776845323,253,260
E14S,NK,C1qc_TAM,0.5142253239278124,0.46084152845600357,1.1158398108145007,0.032255090909085356,253,525
E14S,NK,Il1b_TAM,0.3669981682778983,0.34111769040785433,1.075869644400735,0.20065073110643006,253,850
E14S,NK,Neutrophil,0.5541459483805228,0.5316383142462815,1.042336365779338,0.19303748153836875,253,495
E14S,NK,CAF,3.3514060328349373,3.665918961218621,0.9142062517718248,0.609122902881109,253,10
E14S,NK,Stromal,2.2209257525464605,2.208391781506845,1.0056756102538398,0.7660348646687476,253,30
E14S,NK,CD8_exh,0.8782489979457684,0.9344496989802669,0.939856900702276,0.4286651149049766,253,198
E14S,NK,NK,0.0,0.8583584304133851,0.0,3.901081011969181e-159,253,253
E14S,NK,Monocyte,0.3003941408067109,0.27800949064395664,1.0805175755363763,0.03427580652142728,253,1163
E14S,NK,Hypoxic_Tumor,0.9595531562081646,0.9456538990954971,1.014698038178621,0.7125154948626025,253,226
E14S,NK,Tumor,1.0207379383814297,1.0183126998377117,1.0023816245678803,0.5537393590372444,253,155
E14S,NK,hypoxic_core_dyn,1.8180802813231836,1.670468860232457,1.0883652635525245,0.25759223636816375,253,64
E14S,NK,exit_front,1.4488979308748298,1.2970478902509677,1.1170735805248335,0.11425058736807117,253,81
E14S,NK,enter_front,1.1945100903089239,1.303651219981058,0.9162804222484294,0.21781224113569742,253,100
E14S,Monocyte,Spp1_TAM,0.8461258803513747,0.8574198123703849,0.986828002040462,0.364705869445218,1163,260
E14S,Monocyte,C1qc_TAM,0.44990893120001263,0.4655741863530848,0.9663528270848079,0.18035381785070548,1163,525
E14S,Monocyte,Il1b_TAM,0.31267308514339254,0.3554751729245321,0.8795919067174165,0.0011337099698291398,1163,850
E14S,Monocyte,Neutrophil,0.531472160603436,0.5326481616872851,0.99779216156473,0.8231432365005049,1163,495
E14S,Monocyte,CAF,3.868193938308571,3.60404634353177,1.0732919528770406,0.4830387710030001,1163,10
E14S,Monocyte,Stromal,2.261464707033907,2.201374429658458,1.0272967090767797,0.44907107831627757,1163,30
E14S,Monocyte,CD8_exh,0.9102395971863325,0.9377259403258782,0.9706882981929735,0.12660649979990585,1163,198
E14S,Monocyte,NK,0.8969805840329865,0.8487419047562139,1.0568355103081994,0.0016246596653047213,1163,253
E14S,Monocyte,Monocyte,0.0,0.2785295442740556,0.0,0.0,1163,1163
E14S,Monocyte,Hypoxic_Tumor,0.9589726860399226,0.9439042364566524,1.0159639601151023,0.5254755751256217,1163,226
E14S,Monocyte,Tumor,1.0530796745754736,1.0085527643761818,1.0441493115403169,0.07841668615355926,1163,155
E14S,Monocyte,hypoxic_core_dyn,1.716779193568057,1.6653664512230897,1.0308717293465401,0.5391785524412129,1163,64
E14S,Monocyte,exit_front,1.3008284070734437,1.303882523785837,0.9976576749387471,0.5517024726057749,1163,81
E14S,Monocyte,enter_front,1.3218169229511283,1.2927147814482025,1.0225124226322555,0.433985659209009,1163,100
E15S,entering,Spp1_TAM,0.5528758356303705,0.4465537347959486,1.2380947522093964,6.160329230994489e-06,588,496
E15S,entering,C1qc_TAM,0.29728181247222396,0.2743852049300919,1.0834469465945356,0.0033107190885223827,588,1141
E15S,entering,Il1b_TAM,0.691220809595009,0.5693474796451327,1.2140579071779478,5.290706288344765e-06,588,400
E15S,entering,Neutrophil,0.24792619740311922,0.2711887128933985,0.9142201928609633,0.21394738994579698,588,1230
E15S,entering,CAF,0.5841429775019065,0.5552719807420334,1.0519943338781321,0.15730076508584945,588,387
E15S,entering,Stromal,0.2659759567454091,0.2684062418190355,0.9909454971793653,0.9682658768258005,588,1133
E15S,entering,CD8_exh,2.050765691484032,1.9803172719695166,1.0355743094865053,0.4212296229833432,588,35
E15S,entering,NK,0.9167265220681938,0.8920238167567864,1.0276928764090867,0.07941932350253197,588,198
E15S,entering,Monocyte,0.36104006468955585,0.36274386705107264,0.9953030153883293,0.916764312262395,588,713
E15S,entering,Hypoxic_Tumor,0.37328066728219705,0.3952638113674743,0.9443836155674782,0.21175073369694764,399,601
E15S,entering,Tumor,0.2226968747905167,0.23154359188017,0.9617924339092411,0.31859085130272446,189,1418
E15S,entering,hypoxic_core_dyn,0.5084945136941135,0.4721888721517238,1.0768879651418892,0.5816499495242454,387,463
E15S,entering,exit_front,0.4450259026210278,0.4647254227603409,0.9576104099872493,0.3474668130962817,588,459
E15S,entering,enter_front,0.0,0.4145561827236639,0.0,0.0,588,588
E15S,entering_deep,Spp1_TAM,0.49610988921358046,0.4515131874087112,1.0987716484225303,0.05781164661609145,201,496
E15S,entering_deep,C1qc_TAM,0.3136901662274801,0.27560026113587344,1.1382070718460893,0.03949113840587474,201,1141
E15S,entering_deep,Il1b_TAM,0.6463425569218746,0.5752114185861736,1.1236608593593915,0.06444378022393296,201,400
E15S,entering_deep,Neutrophil,0.22575780049450392,0.27130395822638054,0.8321212929231495,0.0007845158715025503,201,1230
E15S,entering_deep,CAF,0.5553898233461946,0.5587137796812863,0.9940506992023933,0.23918465767859332,201,387
E15S,entering_deep,Stromal,0.2621268745197492,0.2686409007984819,0.9757519191628264,0.5721749708806338,201,1133
E15S,entering_deep,CD8_exh,2.038572968676961,1.9856073057147283,1.0266747925482513,0.5446431227216362,201,35
E15S,entering_deep,NK,0.8957398670984655,0.8928376523431589,1.0032505514834529,0.47730704816132097,201,198
E15S,entering_deep,Monocyte,0.3673547423035334,0.36230744896336264,1.0139309676204895,0.9468892916931836,201,713
E15S,entering_deep,Hypoxic_Tumor,0.3193845356443431,0.3937952738690352,0.8110420739852786,0.18698197452703802,71,601
E15S,entering_deep,Tumor,0.22124937068386763,0.23144923889514454,0.9559304309663431,0.26744700702591784,130,1418
E15S,entering_deep,hypoxic_core_dyn,0.0,0.47321137536726965,0.0,5.376497013208258e-130,201,463
E15S,entering_deep,exit_front,0.39300041530398655,0.4648061861264488,0.8455145973403035,0.09854981898894012,201,459
E15S,entering_deep,enter_front,0.0,0.4145561827236639,0.0,6.001679693762606e-130,201,588
E15S,persistent,Spp1_TAM,0.41906509226202904,0.45527034618606715,0.9204752643625044,0.3839370804408304,262,496
E15S,persistent,C1qc_TAM,0.2595952971656978,0.277683906251875,0.9348589937013857,0.6378922564667651,262,1141
E15S,persistent,Il1b_TAM,0.5496444599239293,0.5779662147657398,0.9509975598603287,0.25470794002501007,262,400
E15S,persistent,Neutrophil,0.2295018289559514,0.2711887128933985,0.8462809034613701,0.02751027220009809,262,1230
E15S,persistent,CAF,0.5352472249176663,0.559245881237768,0.957087468812491,0.9777135439405619,262,387
E15S,persistent,Stromal,0.24586617189225424,0.269699117525677,0.9116313547775932,0.499654761026326,262,1133
E15S,persistent,CD8_exh,2.0628732988069975,1.981838844734229,1.0408885184020276,0.17280526621586056,262,35
E15S,persistent,NK,0.8627950312510385,0.8930295924315083,0.9661438305777211,0.34748652965893156,262,198
E15S,persistent,Monocyte,0.3427496895405867,0.3629593906344552,0.9443196632589067,0.6220391351001777,262,713
E15S,persistent,Hypoxic_Tumor,0.45742145826320885,0.39277032305480936,1.1646029025451032,0.452711096802899,99,601
E15S,persistent,Tumor,0.19819907608038662,0.2320808938481928,0.8540085863769177,0.019725949477319135,163,1418
E15S,persistent,hypoxic_core_dyn,0.0,0.47321137536726965,0.0,1.2434490179164562e-167,262,463
E15S,persistent,exit_front,0.45900013121451344,0.4624566344392975,0.9925257787057701,0.6996461423311751,262,459
E15S,persistent,enter_front,0.42065529973836907,0.41437938187268325,1.0151453429881656,0.7377925504389133,262,588
E15S,exiting,Spp1_TAM,0.4322733890223092,0.4554618423856047,0.9490880438153947,0.8732337427993654,459,496
E15S,exiting,C1qc_TAM,0.2717186629233077,0.2774511293073804,0.9793388248287797,0.8584717401791423,459,1141
E15S,exiting,Il1b_TAM,0.6321687286224024,0.5723042928191656,1.1046024580880656,0.29371911522516403,459,400
E15S,exiting,Neutrophil,0.24652071662294606,0.2711608361083335,0.9091309798309395,0.03480113527560598,459,1230
E15S,exiting,CAF,0.49738774065178265,0.5611978193026662,0.8862966382688857,0.16055849427467306,459,387
E15S,exiting,Stromal,0.2519747834360888,0.2693987131161586,0.9353228919376575,0.08332658394172775,459,1133
E15S,exiting,CD8_exh,1.964554522116896,1.9881786766866225,0.9881176904034114,0.5238318994195812,459,35
E15S,exiting,NK,0.8644173467115911,0.8936570596715231,0.967280834808512,0.6776907715481112,459,198
E15S,exiting,Monocyte,0.3882161476425015,0.361253399213968,1.0746366635918176,0.7702896420464084,459,713
E15S,exiting,Hypoxic_Tumor,0.33457752142476993,0.3964276785039662,0.8439812343260046,0.02375553377017784,274,601
E15S,exiting,Tumor,0.22537309775155354,0.2314094253770143,0.9739149448401838,0.3153217239377496,185,1418
E15S,exiting,hypoxic_core_dyn,0.43227179621146883,0.4786494651573153,0.9031072375050001,0.03962079072012584,459,463
E15S,exiting,exit_front,0.0,0.4620158864228512,0.0,1.5929978302802497e-285,459,459
E15S,exiting,enter_front,0.38331625512911005,0.4166101384232299,0.9200838380454943,0.05033558528194198,459,588
E15S,normoxic,Spp1_TAM,0.5219662783991712,0.45060069296649863,1.1583787742598488,0.019029267010542084,263,496
E15S,normoxic,C1qc_TAM,0.3215515453445097,0.27521478569405666,1.16836580757679,0.021618847266870935,263,1141
E15S,normoxic,Il1b_TAM,0.5458227532378119,0.5768974670065061,0.9461347716953249,0.40656618558513546,263,400
E15S,normoxic,Neutrophil,0.30055203141967235,0.26758600034851765,1.1231978916244425,0.10561167572559563,263,1230
E15S,normoxic,CAF,0.6489167201972814,0.5546071194364447,1.1700475840567426,0.08530902656765103,263,387
E15S,normoxic,Stromal,0.29545773812892967,0.26773584692399266,1.1035419482427653,0.013190930457679332,263,1133
E15S,normoxic,CD8_exh,2.1244572010267264,1.9824196577853834,1.071648574853226,0.005854621945373003,263,35
E15S,normoxic,NK,0.9387753467198245,0.8923940704277808,1.0519739852930783,0.23245522753292225,263,198
E15S,normoxic,Monocyte,0.3824115876238726,0.3620748436751408,1.0561672380834561,0.41711160104113487,263,713
E15S,normoxic,Hypoxic_Tumor,0.4533232341283531,0.3907317738480167,1.1601903517185748,0.00978646400400015,263,601
E15S,normoxic,Tumor,0.0,0.23136349791392888,0.0,1.4591524652905825e-167,263,1418
E15S,normoxic,hypoxic_core_dyn,0.5755257019584945,0.4693191846238262,1.226299117560677,0.027807538412755958,263,463
E15S,normoxic,exit_front,0.5157461313516749,0.4609918690731633,1.118774898109584,0.07290541413056413,263,459
E15S,normoxic,enter_front,0.4471281620542838,0.41279851516344374,1.0831632034268524,0.23162432127197963,263,588
E15S,Spp1_TAM,Spp1_TAM,0.0,0.454187432960376,0.0,5.415431462871987e-307,496,496
E15S,Spp1_TAM,C1qc_TAM,0.25831748500683327,0.2780419941992637,0.9290592442726674,0.14502146623641995,496,1141
E15S,Spp1_TAM,Il1b_TAM,0.5743125095849313,0.5764261770760203,0.9963331514508748,0.1053767844703478,496,400
E15S,Spp1_TAM,Neutrophil,0.2741941585207569,0.2686080107790516,1.020796653552899,0.9849235853152049,496,1230
E15S,Spp1_TAM,CAF,0.499639830003088,0.5606708059608169,0.8911465064546377,0.03814351930110727,496,387
E15S,Spp1_TAM,Stromal,0.26351930524608946,0.2693373173688147,0.978398789371031,0.48961032031264895,496,1133
E15S,Spp1_TAM,CD8_exh,1.9496408987183007,1.9882593082511035,0.9805767741800379,0.3041476981898449,496,35
E15S,Spp1_TAM,NK,0.8824569112132219,0.8931302098173356,0.988049560426025,0.7857680719060831,496,198
E15S,Spp1_TAM,Monocyte,0.3501533684398105,0.36331346234810047,0.963777577017829,0.8298720247379547,496,713
E15S,Spp1_TAM,Hypoxic_Tumor,0.42211254174504514,0.3915385431720936,1.0780868170097708,0.23497381747539026,496,601
E15S,Spp1_TAM,Tumor,0.2497764971627578,0.2303913365782194,1.08414014551262,0.12681821634893503,496,1418
E15S,Spp1_TAM,hypoxic_core_dyn,0.5058351899739695,0.46944995308165893,1.0775061040127136,0.20169614172298522,496,463
E15S,Spp1_TAM,exit_front,0.45757106721649665,0.46285837469308644,0.9885768352358414,0.4397851849523837,496,459
E15S,Spp1_TAM,enter_front,0.4628706278729613,0.41127680611726314,1.1254479245809639,0.012810698359661412,496,588
E15S,C1qc_TAM,Spp1_TAM,0.46975142689269983,0.4502263150652307,1.043367326995625,0.1475718445351248,1141,496
E15S,C1qc_TAM,C1qc_TAM,0.0,0.2772151610788932,0.0,0.0,1141,1141
E15S,C1qc_TAM,Il1b_TAM,0.577624596508606,0.5760871930060238,1.0026686993240728,0.8710443582152502,1141,400
E15S,C1qc_TAM,Neutrophil,0.3012307657136682,0.26170638134781754,1.1510256806207613,8.36364238379115e-09,1141,1230
E15S,C1qc_TAM,CAF,0.7126480389421058,0.5368177515464609,1.3275418647932453,6.744359112998467e-07,1141,387
E15S,C1qc_TAM,Stromal,0.27845782439241673,0.26715468068118325,1.0423093605637492,0.11215208962215358,1141,1133
E15S,C1qc_TAM,CD8_exh,2.0615725964865925,1.9736500169186622,1.044548212101555,0.00019310374190773796,1141,35
E15S,C1qc_TAM,NK,0.9590105066556086,0.8816200566573928,1.0877820886830056,0.00030840110007546417,1141,198
E15S,C1qc_TAM,Monocyte,0.390764406070714,0.35930376990079443,1.0875599946491126,0.002283333267087737,1141,713
E15S,C1qc_TAM,Hypoxic_Tumor,0.4624301283304137,0.38191265331960605,1.2108269372877418,1.3273149273379432e-10,1141,601
E15S,C1qc_TAM,Tumor,0.26140460342293415,0.226830088573162,1.152424729308433,9.595652372763264e-07,1141,1418
E15S,C1qc_TAM,hypoxic_core_dyn,0.6325156549384406,0.45768935966002255,1.3819758785921554,1.1276233315008355e-10,1141,463
E15S,C1qc_TAM,exit_front,0.5657032870262377,0.4524326602041331,1.2503590849763102,3.533119327737277e-09,1141,459
E15S,C1qc_TAM,enter_front,0.48661233762764067,0.4050029998139554,1.2015030452889828,9.853173214953796e-11,1141,588
E15S,Il1b_TAM,Spp1_TAM,0.40765496083745295,0.4574214582632104,0.8912020926724414,0.003299995801870448,400,496
E15S,Il1b_TAM,C1qc_TAM,0.26532410820407215,0.2779638665647601,0.9545273329339621,0.025169657738383935,400,1141
E15S,Il1b_TAM,Il1b_TAM,0.0,0.5761581903394367,0.0,7.234197120169445e-251,400,400
E15S,Il1b_TAM,Neutrophil,0.27599465763093,0.2696356470532107,1.0235837162007901,0.6525196177049839,400,1230
E15S,Il1b_TAM,CAF,0.574374632766866,0.5574467349094416,1.0303668436773143,0.6275072038660007,400,387
E15S,Il1b_TAM,Stromal,0.2737339556992051,0.26834657201013784,1.0200762158007508,0.7650522248524961,400,1133
E15S,Il1b_TAM,CD8_exh,1.898040055229059,1.9900015195428788,0.953788244174334,0.38062848248481773,400,35
E15S,Il1b_TAM,NK,0.8140509885786176,0.8952853701406137,0.9092642588929635,0.005323666040469336,400,198
E15S,Il1b_TAM,Monocyte,0.3347604228837635,0.3639683828251497,0.9197513813846361,0.008489826172188417,400,713
E15S,Il1b_TAM,Hypoxic_Tumor,0.4383175086643146,0.3914769767240033,1.1196507961522717,0.0572909147804689,400,601
E15S,Il1b_TAM,Tumor,0.22987981635516264,0.23140942537701567,0.9933900314589132,0.6381392482926267,400,1418
E15S,Il1b_TAM,hypoxic_core_dyn,0.5099642728134279,0.46971482753294136,1.0856891094792274,0.9445524431884798,400,463
E15S,Il1b_TAM,exit_front,0.5476208141651095,0.45998753302669665,1.1905122961959207,0.09959302333624273,400,459
E15S,Il1b_TAM,enter_front,0.4702248695483707,0.4123236625289094,1.1404265927022845,0.08966222582772078,400,588
E15S,CD8_exh,Spp1_TAM,0.5362716982641208,0.45307709026615917,1.1836213081290188,0.28918258678930964,35,496
E15S,CD8_exh,C1qc_TAM,0.36186034948636714,0.2771519993400005,1.3056386038999825,0.817550667533309,35,1141
E15S,CD8_exh,Il1b_TAM,0.6871550914718976,0.5760871930060238,1.1927970276275737,0.13336204852125647,35,400
E15S,CD8_exh,Neutrophil,0.21538064880810676,0.26997751351439336,0.797772547811187,0.2505416751137236,35,1230
E15S,CD8_exh,CAF,0.4569682888582082,0.5592867295642168,0.8170554828187454,0.1088153386953729,35,387
E15S,CD8_exh,Stromal,0.4285615297703336,0.26818263583431845,1.5980211710466454,0.07963701507488952,35,1133
E15S,CD8_exh,CD8_exh,0.0,1.9867199122316883,0.0,1.5234963487752484e-24,35,35
E15S,CD8_exh,NK,0.8270697648373677,0.8929455929011784,0.9262263808819748,0.2677273346854071,35,198
E15S,CD8_exh,Monocyte,0.3453432051732471,0.36274386705107203,0.9520304450099083,0.49344104644900944,35,713
E15S,CD8_exh,Hypoxic_Tumor,0.4464526523134668,0.39280995396010215,1.1365614537324407,0.3428171005076436,35,601
E15S,CD8_exh,Tumor,0.20162215220031607,0.23136349791392907,0.8714518669462835,0.9305079522753638,35,1418
E15S,CD8_exh,hypoxic_core_dyn,0.5460399308916638,0.4721888721517238,1.1564015229825455,0.24012696907355058,35,463
E15S,CD8_exh,exit_front,0.5318135314497541,0.4618143206539299,1.1515743615241405,0.4098159594801092,35,459
E15S,CD8_exh,enter_front,0.41670592670722106,0.41455618272366335,1.0051856517238116,0.8056515635101442,35,588
E15S,Neutrophil,Spp1_TAM,0.43268209652805856,0.4582265276734848,0.9442537050940266,0.007394792679535962,1230,496
E15S,Neutrophil,C1qc_TAM,0.2767900755961964,0.2772151610788932,0.9984665864556526,0.8482578089837423,1230,1141
E15S,Neutrophil,Il1b_TAM,0.5224301261079827,0.5857607113910739,0.8918831801936788,0.005002806598258049,1230,400
E15S,Neutrophil,Neutrophil,0.0,0.269708190570286,0.0,0.0,1230,1230
E15S,Neutrophil,CAF,0.4897445442446116,0.5702185920251088,0.8588715820459364,0.0027001132679583617,1230,387
E15S,Neutrophil,Stromal,0.24765349057613018,0.2719684125582661,0.9105965220246791,0.0012076084105472615,1230,1133
E15S,Neutrophil,CD8_exh,1.8883700520120854,2.00498549612781,0.9418372629922053,1.8156634353728583e-05,1230,35
E15S,Neutrophil,NK,0.8755539684787305,0.8952853701406137,0.9779607683539113,0.33522875569015476,1230,198
E15S,Neutrophil,Monocyte,0.3211612735596553,0.3698711200699748,0.8683058939527254,0.0001713263709484956,1230,713
E15S,Neutrophil,Hypoxic_Tumor,0.32745437500124397,0.4052349579267522,0.8080605303070438,3.2459693527042406e-11,1230,601
E15S,Neutrophil,Tumor,0.2197597774229199,0.2353470769642357,0.9337688840567818,0.0032648052346521514,1230,1418
E15S,Neutrophil,hypoxic_core_dyn,0.3793972068305729,0.4995560391207039,0.7594687625003409,1.711386113840114e-14,1230,463
E15S,Neutrophil,exit_front,0.40033661013722427,0.4760711586493045,0.8409175873477568,8.738927951581768e-08,1230,459
E15S,Neutrophil,enter_front,0.36412996950873344,0.4257459136681753,0.8552753128537011,4.422489283568494e-07,1230,588
E15S,CAF,Spp1_TAM,0.42120399185995,0.45644718342723617,0.9227880183142714,0.08021599176664641,387,496
E15S,CAF,C1qc_TAM,0.29029999083564245,0.276313002628785,1.05062008690792,0.7377067777810032,387,1141
E15S,CAF,Il1b_TAM,0.5818100347334286,0.5760871930060238,1.0099339853356972,0.6896122418869919,387,400
E15S,CAF,Neutrophil,0.27197640479453533,0.2693472814283735,1.009761091154213,0.16496131438919126,387,1230
E15S,CAF,CAF,0.0,0.5584632961768868,0.0,3.680845307734776e-243,387,387
E15S,CAF,Stromal,0.2586714072848945,0.2691989036678286,0.9608932419876262,0.5764036323057401,387,1133
E15S,CAF,CD8_exh,1.8936045195627467,1.9893962730958303,0.9518488323173463,0.024486776800539196,387,35
E15S,CAF,NK,0.8321240657911638,0.8937866121378065,0.9310097673099456,0.025549238985697456,387,198
E15S,CAF,Monocyte,0.383596662388859,0.3614095649698091,1.061390454402897,0.973129730231437,387,713
E15S,CAF,Hypoxic_Tumor,0.3739752206412438,0.39526381136747357,0.9461408049156366,0.15423954796379102,387,601
E15S,CAF,Tumor,0.2292902099926419,0.23136349791392907,0.9910388287695302,0.3992791463066224,387,1418
E15S,CAF,hypoxic_core_dyn,0.4360848859345002,0.47656181076844223,0.9150646906249702,0.14471377056228157,387,463
E15S,CAF,exit_front,0.37524136078912035,0.46618994732130337,0.8049108800934736,0.021300801506827935,387,459
E15S,CAF,enter_front,0.3956919806325957,0.415284952988944,0.9528204135128634,0.2431728933194518,387,588
E15S,NK,Spp1_TAM,0.4367247984327023,0.45461835242612036,0.9606404935086162,0.6636720837921046,198,496
E15S,NK,C1qc_TAM,0.300576625298705,0.2762923679154615,1.0878933340303987,0.5447066375094052,198,1141
E15S,NK,Il1b_TAM,0.5438434045986167,0.5771550578858707,0.9422830089902092,0.44213591914190353,198,400
E15S,NK,Neutrophil,0.27869099942371556,0.2694201412359483,1.0344104124704179,0.35894076010084797,198,1230
E15S,NK,CAF,0.5229237381691605,0.559245881237768,0.9350515680361984,0.6724043115599025,198,387
E15S,NK,Stromal,0.2672912532506646,0.2683974105656812,0.9958786587669186,0.7547027033361268,198,1133
E15S,NK,CD8_exh,1.8845211433528513,1.9890002113222098,0.9474715651739901,0.2990586051245584,198,35
E15S,NK,NK,0.0,0.892882299878473,0.0,3.176891440623552e-128,198,198
E15S,NK,Monocyte,0.39860076685264484,0.3614095649698096,1.10290597008948,0.33660875134026524,198,713
E15S,NK,Hypoxic_Tumor,0.35330355326112384,0.3962418592644693,0.8916361181954616,0.2681382301872074,198,601
E15S,NK,Tumor,0.21321102932939862,0.2320274046414556,0.9189045132787943,0.7251154000998071,198,1418
E15S,NK,hypoxic_core_dyn,0.4488310303274995,0.4747021200965611,0.9455003702873729,0.6848732475863564,198,463
E15S,NK,exit_front,0.4415224527929376,0.46285837469308644,0.9539039951166568,0.7066498948069814,198,459
E15S,NK,enter_front,0.4240027353870093,0.41434277972837114,1.02331392299142,0.8798745689037787,198,588
E15S,Monocyte,Spp1_TAM,0.4460550870239038,0.45515970041515796,0.9799968815715677,0.6226415748619867,713,496
E15S,Monocyte,C1qc_TAM,0.2649328328499033,0.27823379450362296,0.9521950175842265,0.4332065662962272,713,1141
E15S,Monocyte,Il1b_TAM,0.5161949471200427,0.5816364742941809,0.887487236329957,0.019821864684013243,713,400
E15S,Monocyte,Neutrophil,0.25356806945426336,0.2712010245251538,0.934981974711327,0.05443805720396115,713,1230
E15S,Monocyte,CAF,0.5608446357493022,0.5582128126724873,1.0047147306852646,0.8922534151564635,713,387
E15S,Monocyte,Stromal,0.2703856018074477,0.268397036459365,1.0074090436105978,0.906455486019947,713,1133
E15S,Monocyte,CD8_exh,1.9620283795180227,1.9872033374329114,0.9873314635494674,0.8017620353970918,713,35
E15S,Monocyte,NK,0.8745450266234641,0.8935478229872923,0.9787333191632672,0.6958423027652021,713,198
E15S,Monocyte,Monocyte,0.0,0.36274386705107126,0.0,0.0,713,713
E15S,Monocyte,Hypoxic_Tumor,0.40500811323654134,0.39152626151746783,1.0344340930460727,0.9347458527579817,713,601
E15S,Monocyte,Tumor,0.22671419024562986,0.23189180481080712,0.9776722831175448,0.30852951753026026,713,1418
E15S,Monocyte,hypoxic_core_dyn,0.4852027263640743,0.47174145182904,1.0285352802532874,0.5234265976125515,713,463
E15S,Monocyte,exit_front,0.4860291283386701,0.46129015818975505,1.0536299544000645,0.42909155735313564,713,459
E15S,Monocyte,enter_front,0.39472995751342715,0.41735140100049783,0.945797609801138,0.23910884546289213,713,588
